
{ "head": { "link": [], "vars": ["akteur", "name", "mail", "url", "adresse", "wkt"] },
  "results": { "distinct": false, "ordered": true, "bindings": [
    { "akteur": { "type": "uri", "value": "http://nachhaltiges-leipzig.de/Data/Akteur.13" }	, "name": { "type": "literal", "value": "Kontaktstelle Orientierung" }	, "mail": { "type": "literal", "value": "orientierung.leipzig@jesuiten.org" }	, "url": { "type": "uri", "value": "http://www.orientierung-leipzig.de" }	, "adresse": { "type": "literal", "value": "Hainstra\u00DFe 12, 04109 Leipzig" }	, "wkt": { "type": "literal", "value": "Point(12.3736 51.3423)" }},
    { "akteur": { "type": "uri", "value": "http://nachhaltiges-leipzig.de/Data/Akteur.162" }	, "name": { "type": "literal", "value": "Max Planck Institut f\u00FCr Mathematik" }	, "mail": { "type": "literal", "value": "josefineotte95@gmail.com" }	, "url": { "type": "uri", "value": "https://www.mis.mpg.de/de/start.html" }	, "adresse": { "type": "literal", "value": "Inselstra\u00DFe 22, 04103 Leipzig" }	, "wkt": { "type": "literal", "value": "Point(12.3909 51.3413)" }},
    { "akteur": { "type": "uri", "value": "http://nachhaltiges-leipzig.de/Data/Akteur.54" }	, "name": { "type": "literal", "value": "Gr\u00FCner Ring Leipzig" }	, "mail": { "type": "literal", "value": "geschaeftsstelle@gruenerring-leipzig.de" }	, "url": { "type": "uri", "value": "http://www.gruenerring-leipzig.de" }	, "adresse": { "type": "literal", "value": "Leipziger Stra\u00DFe 6, 04451 Borsdorf" }	, "wkt": { "type": "literal", "value": "Point(12.5318 51.3455)" }},
    { "akteur": { "type": "uri", "value": "http://nachhaltiges-leipzig.de/Data/Akteur.103" }	, "name": { "type": "literal", "value": "Hotel F\u00FCrstenhof" }	, "mail": { "type": "literal", "value": "Philipp.Jahnich@luxurycollection.com" }	, "url": { "type": "uri", "value": "http://www.hotelfuerstenhofleipzig.com/" }	, "adresse": { "type": "literal", "value": "Tr\u00F6ndlinring 8, 04105 Leipzig" }	, "wkt": { "type": "literal", "value": "Point(12.373 51.3447)" }},
    { "akteur": { "type": "uri", "value": "http://nachhaltiges-leipzig.de/Data/Akteur.104" }	, "name": { "type": "literal", "value": "Dresdner59" }	, "mail": { "type": "literal", "value": "stadtteilprojekt@dresdner59.de" }	, "url": { "type": "uri", "value": "http://www.dresdner59.de" }	, "adresse": { "type": "literal", "value": "Dresdner Stra\u00DFe 59, 04317 Leipzig" }	, "wkt": { "type": "literal", "value": "Point(12.403 51.339)" }},
    { "akteur": { "type": "uri", "value": "http://nachhaltiges-leipzig.de/Data/Akteur.113" }	, "name": { "type": "literal", "value": "Stadtteilbibliothek Plagwitz" }	, "mail": { "type": "literal", "value": "bibliothek.plagwitz@leipzig.de" }	, "url": { "type": "uri", "value": "http://www.leipzig.de/stadtbib" }	, "adresse": { "type": "literal", "value": "Zschochersche Stra\u00DFe 14, 04229 Leipzig" }	, "wkt": { "type": "literal", "value": "Point(12.3392 51.3338)" }},
    { "akteur": { "type": "uri", "value": "http://nachhaltiges-leipzig.de/Data/Akteur.12" }	, "name": { "type": "literal", "value": "Helmholtz-Zentrum f\u00FCr Umweltforschung GmbH - UFZ" }	, "mail": { "type": "literal", "value": "schuelerlabor@ufz.de" }	, "url": { "type": "uri", "value": "http://www.ufz-schuelerlabor.de" }	, "adresse": { "type": "literal", "value": "Permoserstra\u00DFe 15, 04318 Leipzig" }	, "wkt": { "type": "literal", "value": "Point(12.4321 51.3517)" }},
    { "akteur": { "type": "uri", "value": "http://nachhaltiges-leipzig.de/Data/Akteur.120" }	, "name": { "type": "literal", "value": "Caf\u00E9 Chavalo" }	, "mail": { "type": "literal", "value": "jens@cafe-chavalo.de" }	, "url": { "type": "uri", "value": "http://www.cafe-chavalo.de" }	, "adresse": { "type": "literal", "value": "Kochstra\u00DFe 132, 04277 Leipzig" }	, "wkt": { "type": "literal", "value": "Point(12.3716 51.3101)" }},
    { "akteur": { "type": "uri", "value": "http://nachhaltiges-leipzig.de/Data/Akteur.133" }	, "name": { "type": "literal", "value": "Creme BR\u00DCHL\u00E9" }	, "mail": { "type": "literal", "value": "verena.hahmann@marriott.com" }	, "url": { "type": "uri", "value": "http://www.restaurant-creme-bruehle.de" }	, "adresse": { "type": "literal", "value": "Am Hallischen Tor 1, 04109 Leipzig" }	, "wkt": { "type": "literal", "value": "Point(12.3771 51.3434)" }},
    { "akteur": { "type": "uri", "value": "http://nachhaltiges-leipzig.de/Data/Akteur.171" }	, "name": { "type": "literal", "value": "Botanischer Garten f\u00FCr Arznei- und Gew\u00FCrzpflanzen Gro\u00DFp\u00F6sna-Oberholz" }	, "mail": { "type": "literal", "value": "botanischer-garten-oberholz@gmx.de" }	, "url": { "type": "uri", "value": "http://www.botanischer-garten-oberholz.de" }	, "adresse": { "type": "literal", "value": "St\u00F6rmthaler Weg 2, 04463 Gro\u00DFp\u00F6sna" }	, "wkt": { "type": "literal", "value": "Point(12.5003 51.2605)" }},
    { "akteur": { "type": "uri", "value": "http://nachhaltiges-leipzig.de/Data/Akteur.172" }	, "name": { "type": "literal", "value": "Jeepney Caf\u00E9" }	, "mail": { "type": "literal", "value": "office@jeepney-cafe.de" }	, "url": { "type": "uri", "value": "http://jeepney-cafe.de" }	, "adresse": { "type": "literal", "value": "Georg-Schumann-Stra\u00DFe 78, 04155 Leipzig" }	, "wkt": { "type": "literal", "value": "Point(12.365 51.3628)" }},
    { "akteur": { "type": "uri", "value": "http://nachhaltiges-leipzig.de/Data/Akteur.4" }	, "name": { "type": "literal", "value": "Umweltbibliothek Leipzig" }	, "mail": { "type": "literal", "value": "info@umweltbibliothek-leipzig.de" }	, "url": { "type": "uri", "value": "http://www.umweltbibliothek-leipzig.de" }	, "adresse": { "type": "literal", "value": "Bernhard-G\u00F6ring-Stra\u00DFe 152, 04277 Leipzig" }	, "wkt": { "type": "literal", "value": "Point(12.3763 51.311)" }},
    { "akteur": { "type": "uri", "value": "http://nachhaltiges-leipzig.de/Data/Akteur.42" }	, "name": { "type": "literal", "value": "Querbeet" }	, "mail": { "type": "literal", "value": "t.johannes@arcor.de" }	, "url": { "type": "uri", "value": "http://www.querbeet-leipzig.de" }	, "adresse": { "type": "literal", "value": "Neust\u00E4dter Stra\u00DFe 20, 04315 Leipzig" }	, "wkt": { "type": "literal", "value": "Point(12.4004 51.3462)" }},
    { "akteur": { "type": "uri", "value": "http://nachhaltiges-leipzig.de/Data/Akteur.43" }	, "name": { "type": "literal", "value": "Rockzipfel Eltern-Kind-B\u00FCro" }	, "mail": { "type": "literal", "value": "buero@rockzipfel-leipzig.de" }	, "url": { "type": "uri", "value": "http://www.rockzipfel-leipzig.de" }	, "adresse": { "type": "literal", "value": "Georg-Schwarz-Stra\u00DFe 10, 04177 Leipzig" }	, "wkt": { "type": "literal", "value": "Point(12.3275 51.3386)" }},
    { "akteur": { "type": "uri", "value": "http://nachhaltiges-leipzig.de/Data/Akteur.50" }	, "name": { "type": "literal", "value": "Eine Welt Laden" }	, "mail": { "type": "literal", "value": "info@einewelt-leipzig.de" }	, "url": { "type": "uri", "value": "http://einewelt-leipzig.de" }	, "adresse": { "type": "literal", "value": "Bornaische Stra\u00DFe 18, 04277 Leipzig" }	, "wkt": { "type": "literal", "value": "Point(12.3755 51.3088)" }},
    { "akteur": { "type": "uri", "value": "http://nachhaltiges-leipzig.de/Data/Akteur.67" }	, "name": { "type": "literal", "value": "Querbeet" }	, "mail": { "type": "literal", "value": "info@querbeet-leipzig.de" }	, "url": { "type": "uri", "value": "http://www.querbeet-leipzig.de" }	, "adresse": { "type": "literal", "value": "Bernhardstra\u00DFe 11, 04315 Leipzig" }	, "wkt": { "type": "literal", "value": "Point(12.409 51.3387)" }},
    { "akteur": { "type": "uri", "value": "http://nachhaltiges-leipzig.de/Data/Akteur.89" }	, "name": { "type": "literal", "value": "Ratskeller der Stadt Leipzig GmbH" }	, "mail": { "type": "literal", "value": "info@ratskeller-leipzig.de" }	, "url": { "type": "uri", "value": "http://www.ratskeller-leipzig.de" }	, "adresse": { "type": "literal", "value": "Lotterstra\u00DFe 1, 04109 Leipzig" }	, "wkt": { "type": "literal", "value": "Point(12.3725 51.3367)" }},
    { "akteur": { "type": "uri", "value": "http://nachhaltiges-leipzig.de/Data/Akteur.95" }	, "name": { "type": "literal", "value": "Alte Schlosserei" }	, "mail": { "type": "literal", "value": "mail@alte-schlosserei.de" }	, "url": { "type": "uri", "value": "http://www.alte-schlosserei.de" }	, "adresse": { "type": "literal", "value": "Kurt-Eisner-Stra\u00DFe 66, 04275 Leipzig" }	, "wkt": { "type": "literal", "value": "Point(12.3745 51.3201)" }},
    { "akteur": { "type": "uri", "value": "http://nachhaltiges-leipzig.de/Data/Akteur.137" }	, "name": { "type": "literal", "value": "freigeist-Bibliothek im Shakunda" }	, "mail": { "type": "literal", "value": "info@freigeist-leipzig.de" }	, "url": { "type": "uri", "value": "http://www.freigeist-leipzig.de" }	, "adresse": { "type": "literal", "value": "Karl-Liebknecht-Stra\u00DFe 102, 04275 Leipzig" }	, "wkt": { "type": "literal", "value": "Point(12.3731 51.3175)" }},
    { "akteur": { "type": "uri", "value": "http://nachhaltiges-leipzig.de/Data/Akteur.139" }	, "name": { "type": "literal", "value": "NextLeipzig" }	, "mail": { "type": "literal", "value": "steffen.peschel@konzeptfreun.de" }	, "url": { "type": "uri", "value": "http://www.nextleipzig.de" }	, "adresse": { "type": "literal", "value": "Zschochersche Stra\u00DFe 2A, 04177 Leipzig" }	, "wkt": { "type": "literal", "value": "Point(12.3396 51.336)" }},
    { "akteur": { "type": "uri", "value": "http://nachhaltiges-leipzig.de/Data/Akteur.147" }	, "name": { "type": "literal", "value": "EchtUnverpackt" }	, "mail": { "type": "literal", "value": "info@echtunverpackt.de" }	, "url": { "type": "uri", "value": "http://www.EchtUnverpackt.de" }	, "adresse": { "type": "literal", "value": "K\u00F6nneritzstra\u00DFe 88, 04229 Leipzig" }	, "wkt": { "type": "literal", "value": "Point(12.3417 51.3206)" }},
    { "akteur": { "type": "uri", "value": "http://nachhaltiges-leipzig.de/Data/Akteur.153" }	, "name": { "type": "literal", "value": "Nextleipzig" }	, "mail": { "type": "literal", "value": "phartmann6@t-online.de" }	, "url": { "type": "uri", "value": "http://www.nextleipzig.de/" }	, "adresse": { "type": "literal", "value": "Zschochersche Stra\u00DFe 2A, 04177 Leipzig" }	, "wkt": { "type": "literal", "value": "Point(12.3396 51.336)" }},
    { "akteur": { "type": "uri", "value": "http://nachhaltiges-leipzig.de/Data/Akteur.155" }	, "name": { "type": "literal", "value": "Bio Tempel" }	, "mail": { "type": "literal", "value": "biotempel@posteo.de" }	, "url": { "type": "uri", "value": "https://www.facebook.com/BioTempelLeipzig/" }	, "adresse": { "type": "literal", "value": "T\u00E4ubchenweg 77A, 04317 Leipzig" }	, "wkt": { "type": "literal", "value": "Point(12.4054 51.3361)" }},
    { "akteur": { "type": "uri", "value": "http://nachhaltiges-leipzig.de/Data/Akteur.156" }	, "name": { "type": "literal", "value": "WWF Jugend" }	, "mail": { "type": "literal", "value": "franziska.losse@posteo.de" }	, "url": { "type": "uri", "value": "https://www.wwf-jugend.de/" }	, "adresse": { "type": "literal", "value": "Reinhardtstra\u00DFe 18, 10117 Berlin" }	, "wkt": { "type": "literal", "value": "Point(13.3848 52.5235)" }},
    { "akteur": { "type": "uri", "value": "http://nachhaltiges-leipzig.de/Data/Akteur.173" }	, "name": { "type": "literal", "value": "Kurt Hinkefu\u00DF" }	, "mail": { "type": "literal", "value": "kauerte@gmx.net" }	, "url": { "type": "uri", "value": "http://konsumglobal-leipzig.de/" }	, "adresse": { "type": "literal", "value": "Wiebelstra\u00DFe 8, 04315 Leipzig" }	, "wkt": { "type": "literal", "value": "Point(12.4089 51.3398)" }},
    { "akteur": { "type": "uri", "value": "http://nachhaltiges-leipzig.de/Data/Akteur.22" }	, "name": { "type": "literal", "value": "Verbundnetz der W\u00E4rme" }	, "mail": { "type": "literal", "value": "info@verbundnetz-der-waerme.de" }	, "url": { "type": "uri", "value": "http://www.verbundnetz-der-waerme.de" }	, "adresse": { "type": "literal", "value": "Braunstra\u00DFe 9, 04347 Leipzig" }	, "wkt": { "type": "literal", "value": "Point(12.4309 51.3632)" }},
    { "akteur": { "type": "uri", "value": "http://nachhaltiges-leipzig.de/Data/Akteur.23" }	, "name": { "type": "literal", "value": "Gemeinsam Wandeln" }	, "mail": { "type": "literal", "value": "lindentaler@gmx.de" }	, "url": { "type": "uri", "value": "http://www.transitiontown-leipzig.de/blog/" }	, "adresse": { "type": "literal", "value": "Gustav-Freytag-Stra\u00DFe 18A, 04277 Leipzig" }	, "wkt": { "type": "literal", "value": "Point(12.3696 51.3124)" }},
    { "akteur": { "type": "uri", "value": "http://nachhaltiges-leipzig.de/Data/Akteur.3" }	, "name": { "type": "literal", "value": "B\u00FCro der Leipziger Agenda 21" }	, "mail": { "type": "literal", "value": "post@civixx.de" }	, "url": { "type": "uri", "value": "http://www.leipzigeragenda21.de" }	, "adresse": { "type": "literal", "value": "Eisenbahnstra\u00DFe 66, 04315 Leipzig" }	, "wkt": { "type": "literal", "value": "Point(12.4038 51.3455)" }},
    { "akteur": { "type": "uri", "value": "http://nachhaltiges-leipzig.de/Data/Akteur.35" }	, "name": { "type": "literal", "value": "Initiative Grundeinkommen Leipzig" }	, "mail": { "type": "literal", "value": "volkmarkreiss@gmail.com" }	, "url": { "type": "uri", "value": "http://bge-initiative-leipzig.blogspot.de" }	, "adresse": { "type": "literal", "value": "Bernhard-G\u00F6ring-Stra\u00DFe 154, 04277 Leipzig" }	, "wkt": { "type": "literal", "value": "Point(12.3763 51.3101)" }},
    { "akteur": { "type": "uri", "value": "http://nachhaltiges-leipzig.de/Data/Akteur.40" }	, "name": { "type": "literal", "value": "Ideenwerkstatt Bildungsagenten" }	, "mail": { "type": "literal", "value": "Helmut@bildungsagenten.com" }	, "url": { "type": "uri", "value": "http://www.konzeptwerk-neue-oekonomie.org" }	, "adresse": { "type": "literal", "value": "Klingenstra\u00DFe 22, 04229 Leipzig" }	, "wkt": { "type": "literal", "value": "Point(12.3244 51.323)" }},
    { "akteur": { "type": "uri", "value": "http://nachhaltiges-leipzig.de/Data/Akteur.47" }	, "name": { "type": "literal", "value": "Fundamentale - Die junge Akademie" }	, "mail": { "type": "literal", "value": "ja@fundamentale.de" }	, "url": { "type": "uri", "value": "http://www.fundamentale.de" }	, "adresse": { "type": "literal", "value": "Reiskestra\u00DFe 2, 04317 Leipzig" }	, "wkt": { "type": "literal", "value": "Point(12.406 51.3298)" }},
    { "akteur": { "type": "uri", "value": "http://nachhaltiges-leipzig.de/Data/Akteur.57" }	, "name": { "type": "literal", "value": "Familienb\u00FCro Leipzig" }	, "mail": { "type": "literal", "value": "info@familienbuero-leipzig.de" }	, "url": { "type": "uri", "value": "http://www.familienbuero-leipzig.de" }	, "adresse": { "type": "literal", "value": "Katharinenstra\u00DFe 21-23, 04109 Leipzig" }	, "wkt": { "type": "literal", "value": "Point(12.3749 51.3428)" }},
    { "akteur": { "type": "uri", "value": "http://nachhaltiges-leipzig.de/Data/Akteur.58" }	, "name": { "type": "literal", "value": "Transition Town Leipzig" }	, "mail": { "type": "literal", "value": "kirstenelborg@yahoo.de" }	, "url": { "type": "uri", "value": "http://www.transitiontown-leipzig.de/" }	, "adresse": { "type": "literal", "value": "Josephstra\u00DFe 12, 04177 Leipzig" }	, "wkt": { "type": "literal", "value": "Point(12.3332 51.3352)" }},
    { "akteur": { "type": "uri", "value": "http://nachhaltiges-leipzig.de/Data/Akteur.59" }	, "name": { "type": "literal", "value": "Permakultur Forum" }	, "mail": { "type": "literal", "value": "k.elborg@permakultur-institut.de" }	, "url": { "type": "uri", "value": "http://www.transitiontown-leipzig.de/?page_id=456" }	, "adresse": { "type": "literal", "value": "Josephstra\u00DFe 12, 04177 Leipzig" }	, "wkt": { "type": "literal", "value": "Point(12.3332 51.3352)" }},
    { "akteur": { "type": "uri", "value": "http://nachhaltiges-leipzig.de/Data/Akteur.62" }	, "name": { "type": "literal", "value": "Stiftung &quot;Ecken wecken&quot;" }	, "mail": { "type": "literal", "value": "info@stiftung-ecken-wecken.de" }	, "url": { "type": "uri", "value": "https://stiftung-ecken-wecken.de" }	, "adresse": { "type": "literal", "value": "Markranst\u00E4dter Stra\u00DFe 29B, 04229 Leipzig" }	, "wkt": { "type": "literal", "value": "Point(12.3261 51.3251)" }},
    { "akteur": { "type": "uri", "value": "http://nachhaltiges-leipzig.de/Data/Akteur.63" }	, "name": { "type": "literal", "value": "Kollektiv Lastenrad Leipzig" }	, "mail": { "type": "literal", "value": "analui@posteo.de" }	, "url": { "type": "uri", "value": "https://kolara.wordpress.com/" }	, "adresse": { "type": "literal", "value": "Josephstra\u00DFe 27, 04177 Leipzig" }	, "wkt": { "type": "literal", "value": "Point(12.3342 51.3337)" }},
    { "akteur": { "type": "uri", "value": "http://nachhaltiges-leipzig.de/Data/Akteur.74" }	, "name": { "type": "literal", "value": "WOLLZIRKEL" }	, "mail": { "type": "literal", "value": "wollzirkel@posteo.de" }	, "url": { "type": "uri", "value": "http://wollzirkel.blogspot.de/" }	, "adresse": { "type": "literal", "value": "Georg-Schwarz-Stra\u00DFe 112, 04179 Leipzig" }	, "wkt": { "type": "literal", "value": "Point(12.3173 51.3462)" }},
    { "akteur": { "type": "uri", "value": "http://nachhaltiges-leipzig.de/Data/Akteur.76" }	, "name": { "type": "literal", "value": "Ackerwinde Gem\u00FCsegarten" }	, "mail": { "type": "literal", "value": "mail@ackerwinde.net" }	, "url": { "type": "uri", "value": "http://www.ackerwinde.net" }	, "adresse": { "type": "literal", "value": "Helmholtzstra\u00DFe, 04177 Leipzig" }	, "wkt": { "type": "literal", "value": "Point(12.3298 51.3325)" }},
    { "akteur": { "type": "uri", "value": "http://nachhaltiges-leipzig.de/Data/Akteur.78" }	, "name": { "type": "literal", "value": "Projekt &quot;Lebendige Luppe&quot;" }	, "mail": { "type": "literal", "value": "info@lebendige-luppe.de" }	, "url": { "type": "uri", "value": "http://www.Lebendige-Luppe.de" }	, "adresse": { "type": "literal", "value": "Michael-Kazmierczak-Stra\u00DFe 25, 04157 Leipzig" }	, "wkt": { "type": "literal", "value": "Point(12.3736 51.368)" }},
    { "akteur": { "type": "uri", "value": "http://nachhaltiges-leipzig.de/Data/Akteur.80" }	, "name": { "type": "literal", "value": "Projektwohnung &quot;krudebude&quot;" }	, "mail": { "type": "literal", "value": "projektraum.leipzig@gmail.com" }	, "url": { "type": "uri", "value": "https://www.facebook.com/pages/Projektwohnung-krudebude/617099368382416?fref=ts" }	, "adresse": { "type": "literal", "value": "Stannebeinplatz 13, 04347 Leipzig" }	, "wkt": { "type": "literal", "value": "Point(12.406 51.351)" }},
    { "akteur": { "type": "uri", "value": "http://nachhaltiges-leipzig.de/Data/Akteur.84" }	, "name": { "type": "literal", "value": "Johannes Timaeus" }	, "mail": { "type": "literal", "value": "johannes.timaeus@posteo.de" }	, "url": { "type": "uri", "value": "http://kochkultur-leipzig.de" }	, "adresse": { "type": "literal", "value": "Cichoriusstra\u00DFe 17, 04318 Leipzig" }	, "wkt": { "type": "literal", "value": "Point(12.4088 51.3337)" }},
    { "akteur": { "type": "uri", "value": "http://nachhaltiges-leipzig.de/Data/Akteur.93" }	, "name": { "type": "literal", "value": "Makerspace Leipzig" }	, "mail": { "type": "literal", "value": "info@makerspace-leipzig.de" }	, "url": { "type": "uri", "value": "http://www.Makerspace-Leipzig.de" }	, "adresse": { "type": "literal", "value": "Bitterfelder Stra\u00DFe 5, 04129 Leipzig" }	, "wkt": { "type": "literal", "value": "Point(12.39 51.3568)" }},
    { "akteur": { "type": "uri", "value": "http://nachhaltiges-leipzig.de/Data/Akteur.96" }	, "name": { "type": "literal", "value": "Social Impact Lab" }	, "mail": { "type": "literal", "value": "leipzig@socialimpactlab.eu" }	, "url": { "type": "uri", "value": "http://leipzig.socialimpactlab.eu" }	, "adresse": { "type": "literal", "value": "Wei\u00DFenfelser Stra\u00DFe 65H, 04229 Leipzig" }	, "wkt": { "type": "literal", "value": "Point(12.3306 51.3292)" }},
    { "akteur": { "type": "uri", "value": "http://nachhaltiges-leipzig.de/Data/Akteur.46" }	, "name": { "type": "literal", "value": "Netzwerk Energie &amp; Umwelt e. V." }	, "mail": { "type": "literal", "value": "reissmann@energiemetropole-leipzig.de" }	, "url": { "type": "uri", "value": "http://www.energiemetropole-leipzig.de" }	, "adresse": { "type": "literal", "value": "Martin-Luther-Ring 4, 04109 Leipzig" }	, "wkt": { "type": "literal", "value": "Point(12.3713 51.335)" }},
    { "akteur": { "type": "uri", "value": "http://nachhaltiges-leipzig.de/Data/Akteur.102" }	, "name": { "type": "literal", "value": "fairgourmet GmbH" }	, "mail": { "type": "literal", "value": "detlef.knaack@fairgourmet.de" }	, "url": { "type": "uri", "value": "http://www.fairgourmet.de" }	, "adresse": { "type": "literal", "value": "Seehausener Allee 2, 04356 Leipzig" }	, "wkt": { "type": "literal", "value": "Point(12.4004 51.3978)" }},
    { "akteur": { "type": "uri", "value": "http://nachhaltiges-leipzig.de/Data/Akteur.112" }	, "name": { "type": "literal", "value": "Nelly Morelly" }	, "mail": { "type": "literal", "value": "info@nelly-morelly.de" }	, "url": { "type": "uri", "value": "http://www.nelly-morelly.de" }	, "adresse": { "type": "literal", "value": "Droy\u00DFiger Stra\u00DFe 9, 06188 Landsberg" }	, "wkt": { "type": "literal", "value": "Point(12.1052 51.4976)" }},
    { "akteur": { "type": "uri", "value": "http://nachhaltiges-leipzig.de/Data/Akteur.115" }	, "name": { "type": "literal", "value": "r\u00F6skant DIE MANUFAKTUR" }	, "mail": { "type": "literal", "value": "info@roeskant.com" }	, "url": { "type": "uri", "value": "http://www.roeskant.de" }	, "adresse": { "type": "literal", "value": "Hohe Stra\u00DFe 9, 04107 Leipzig" }	, "wkt": { "type": "literal", "value": "Point(12.379 51.3287)" }},
    { "akteur": { "type": "uri", "value": "http://nachhaltiges-leipzig.de/Data/Akteur.117" }	, "name": { "type": "literal", "value": "St. Benno Verlag" }	, "mail": { "type": "literal", "value": "service@st-benno.de" }	, "url": { "type": "uri", "value": "http://www.vivat.de" }	, "adresse": { "type": "literal", "value": "Stammerstra\u00DFe 40, 04159 Leipzig" }	, "wkt": { "type": "literal", "value": "Point(12.3211 51.3774)" }},
    { "akteur": { "type": "uri", "value": "http://nachhaltiges-leipzig.de/Data/Akteur.118" }	, "name": { "type": "literal", "value": "heldenk\u00FCche" }	, "mail": { "type": "literal", "value": "kontakt@heldenk\u00FCche.net" }	, "url": { "type": "uri", "value": "http://www.heldenk\u00FCche.net" }	, "adresse": { "type": "literal", "value": "Georg-Schwarz-Stra\u00DFe 112, 04179 Leipzig" }	, "wkt": { "type": "literal", "value": "Point(12.3173 51.3462)" }},
    { "akteur": { "type": "uri", "value": "http://nachhaltiges-leipzig.de/Data/Akteur.122" }	, "name": { "type": "literal", "value": "Veganes Catering &quot;La Tortita&quot;" }	, "mail": { "type": "literal", "value": "vanessarothe@gmx.de" }	, "url": { "type": "uri", "value": "http://www.la-tortita.de" }	, "adresse": { "type": "literal", "value": "Hildegardstra\u00DFe 49, 04315 Leipzig" }	, "wkt": { "type": "literal", "value": "Point(12.4072 51.3458)" }},
    { "akteur": { "type": "uri", "value": "http://nachhaltiges-leipzig.de/Data/Akteur.123" }	, "name": { "type": "literal", "value": "Der Lindwurm Handelsgesellschaft mbH" }	, "mail": { "type": "literal", "value": "der_lindwurm@t-online.de" }	, "url": { "type": "uri", "value": "http://www.derlindwurm.com" }	, "adresse": { "type": "literal", "value": "Grimmaer Landstra\u00DFe 2, 04687 Trebsen/Mulde" }	, "wkt": { "type": "literal", "value": "Point(12.6949 51.2923)" }},
    { "akteur": { "type": "uri", "value": "http://nachhaltiges-leipzig.de/Data/Akteur.125" }	, "name": { "type": "literal", "value": "Kunst und Katze" }	, "mail": { "type": "literal", "value": "info@kunstundkatze.de" }	, "url": { "type": "uri", "value": "http://www.kunstundkatze.de" }	, "adresse": { "type": "literal", "value": "Merseburger Stra\u00DFe 7, 04229 Leipzig" }	, "wkt": { "type": "literal", "value": "Point(12.3343 51.3295)" }},
    { "akteur": { "type": "uri", "value": "http://nachhaltiges-leipzig.de/Data/Akteur.126" }	, "name": { "type": "literal", "value": "Konsum Leipzig eG" }	, "mail": { "type": "literal", "value": "petra.seelbach@konsum-leipzig.de" }	, "url": { "type": "uri", "value": "http://www.konsum-leipzig.de" }	, "adresse": { "type": "literal", "value": "Industriestra\u00DFe 85, 04229 Leipzig" }	, "wkt": { "type": "literal", "value": "Point(12.3299 51.328)" }},
    { "akteur": { "type": "uri", "value": "http://nachhaltiges-leipzig.de/Data/Akteur.128" }	, "name": { "type": "literal", "value": "Mrs. Hippie" }	, "mail": { "type": "literal", "value": "karsten_reichmann@dibomedia.de" }	, "url": { "type": "uri", "value": "http://www.mrs.hippie.de" }	, "adresse": { "type": "literal", "value": "Karl-Liebknecht-Stra\u00DFe 36, 04107 Leipzig" }	, "wkt": { "type": "literal", "value": "Point(12.3734 51.3262)" }},
    { "akteur": { "type": "uri", "value": "http://nachhaltiges-leipzig.de/Data/Akteur.129" }	, "name": { "type": "literal", "value": "Anja B\u00FCchting" }	, "mail": { "type": "literal", "value": "info@alltagsinstitut.de" }	, "url": { "type": "uri", "value": "http://www.alltagsinstitut.de" }	, "adresse": { "type": "literal", "value": "Lange Stra\u00DFe 15, 04103 Leipzig" }	, "wkt": { "type": "literal", "value": "Point(12.3936 51.3405)" }},
    { "akteur": { "type": "uri", "value": "http://nachhaltiges-leipzig.de/Data/Akteur.134" }	, "name": { "type": "literal", "value": "Rehability" }	, "mail": { "type": "literal", "value": "presse@rehability.de" }	, "url": { "type": "uri", "value": "http://www.rehability.de" }	, "adresse": { "type": "literal", "value": "Alter Amtshof 2, 04109 Leipzig" }	, "wkt": { "type": "literal", "value": "Point(12.3697 51.3374)" }},
    { "akteur": { "type": "uri", "value": "http://nachhaltiges-leipzig.de/Data/Akteur.135" }	, "name": { "type": "literal", "value": "little kiwi" }	, "mail": { "type": "literal", "value": "info@little-kiwi.de" }	, "url": { "type": "uri", "value": "http://www.little-kiwi.de" }	, "adresse": { "type": "literal", "value": "Helmholtzstra\u00DFe 27, 04177 Leipzig" }	, "wkt": { "type": "literal", "value": "Point(12.3306 51.3316)" }},
    { "akteur": { "type": "uri", "value": "http://nachhaltiges-leipzig.de/Data/Akteur.136" }	, "name": { "type": "literal", "value": "Kati Magyar" }	, "mail": { "type": "literal", "value": "post@katimagyar.de" }	, "url": { "type": "uri", "value": "http://www.katimagyar.de" }	, "adresse": { "type": "literal", "value": "Georg-Schwarz-Stra\u00DFe 112, 04179 Leipzig" }	, "wkt": { "type": "literal", "value": "Point(12.3173 51.3462)" }},
    { "akteur": { "type": "uri", "value": "http://nachhaltiges-leipzig.de/Data/Akteur.138" }	, "name": { "type": "literal", "value": "Pulita2016" }	, "mail": { "type": "literal", "value": "pulita@gmx.info" }	, "url": { "type": "uri", "value": "http://stores.ebay.de/pulita2016?_trksid=p2047675.l2563" }	, "adresse": { "type": "literal", "value": "Prie\u00DFnitzstra\u00DFe 32, 04179 Leipzig" }	, "wkt": { "type": "literal", "value": "Point(12.3199 51.3441)" }},
    { "akteur": { "type": "uri", "value": "http://nachhaltiges-leipzig.de/Data/Akteur.142" }	, "name": { "type": "literal", "value": "Sch\u00E4fer &amp; Breuss GbR" }	, "mail": { "type": "literal", "value": "dorothee.schaefer@schaeferbreuss.org" }	, "url": { "type": "uri", "value": "http://www.schaeferbreuss.org" }	, "adresse": { "type": "literal", "value": "Kreftingstra\u00DFe 7, 28203 Bremen" }	, "wkt": { "type": "literal", "value": "Point(8.82159 53.0738)" }},
    { "akteur": { "type": "uri", "value": "http://nachhaltiges-leipzig.de/Data/Akteur.143" }	, "name": { "type": "literal", "value": "Yellowbrasil" }	, "mail": { "type": "literal", "value": "fitundvital1@freenet.de" }	, "url": { "type": "uri", "value": "http://www.yellowbrasil.de" }	, "adresse": { "type": "literal", "value": "Pfaffendorfer Stra\u00DFe 4, 04105 Leipzig" }	, "wkt": { "type": "literal", "value": "Point(12.3718 51.3455)" }},
    { "akteur": { "type": "uri", "value": "http://nachhaltiges-leipzig.de/Data/Akteur.157" }	, "name": { "type": "literal", "value": "Energiegenossenschaft Leipzig eG" }	, "mail": { "type": "literal", "value": "a.wueste@eg-leipzig.de" }	, "url": { "type": "uri", "value": "http://www.energiegenossenschaft-leipzig.de/" }	, "adresse": { "type": "literal", "value": "Bernhard-G\u00F6ring-Stra\u00DFe 152, 04277 Leipzig" }	, "wkt": { "type": "literal", "value": "Point(12.3762 51.311)" }},
    { "akteur": { "type": "uri", "value": "http://nachhaltiges-leipzig.de/Data/Akteur.163" }	, "name": { "type": "literal", "value": "VDI - GaraGe gGmbH" }	, "mail": { "type": "literal", "value": "r.moreno95@web.de" }	, "url": { "type": "uri", "value": "http://www.g-a-r-a-g-e.com/" }	, "adresse": { "type": "literal", "value": "Karl-Heine-Stra\u00DFe 97, 04229 Leipzig" }	, "wkt": { "type": "literal", "value": "Point(12.3292 51.3299)" }},
    { "akteur": { "type": "uri", "value": "http://nachhaltiges-leipzig.de/Data/Akteur.18" }	, "name": { "type": "literal", "value": "sedruck KG" }	, "mail": { "type": "literal", "value": "schroeder@sedruck.de" }	, "url": { "type": "uri", "value": "https://www.sedruck.de" }	, "adresse": { "type": "literal", "value": "Ludwig-Hupfeld-Stra\u00DFe 16, 04178 Leipzig" }	, "wkt": { "type": "literal", "value": "Point(12.3009 51.3482)" }},
    { "akteur": { "type": "uri", "value": "http://nachhaltiges-leipzig.de/Data/Akteur.24" }	, "name": { "type": "literal", "value": "rad3.de" }	, "mail": { "type": "literal", "value": "dialog@rad3.de" }	, "url": { "type": "uri", "value": "http://rad3.de" }	, "adresse": { "type": "literal", "value": "Erich-K\u00F6hn-Stra\u00DFe 63B, 04177 Leipzig" }	, "wkt": { "type": "literal", "value": "Point(12.3274 51.3391)" }},
    { "akteur": { "type": "uri", "value": "http://nachhaltiges-leipzig.de/Data/Akteur.30" }	, "name": { "type": "literal", "value": "Leipziger KulturPaten" }	, "mail": { "type": "literal", "value": "gk@ideenquartier.org" }	, "url": { "type": "uri", "value": "http://www.leipzigerkulturpaten.de" }	, "adresse": { "type": "literal", "value": "H\u00E4rtelstra\u00DFe 27, 04107 Leipzig" }	, "wkt": { "type": "literal", "value": "Point(12.3739 51.3328)" }},
    { "akteur": { "type": "uri", "value": "http://nachhaltiges-leipzig.de/Data/Akteur.36" }	, "name": { "type": "literal", "value": "Energiegenossenschaft Leipzig EGL eG" }	, "mail": { "type": "literal", "value": "info@eg-leipzig.de" }	, "url": { "type": "uri", "value": "http://www.energiegenossenschaft-leipzig.de/" }	, "adresse": { "type": "literal", "value": "Delitzscher Stra\u00DFe 3, 04105 Leipzig" }	, "wkt": { "type": "literal", "value": "Point(12.3772 51.3576)" }},
    { "akteur": { "type": "uri", "value": "http://nachhaltiges-leipzig.de/Data/Akteur.39" }	, "name": { "type": "literal", "value": "Piepenbrock Sicherheit GmbH + Co. KG" }	, "mail": { "type": "literal", "value": "u.wermelt@piepenbrock.de" }	, "url": { "type": "uri", "value": "http://www.piepenbrock.de" }	, "adresse": { "type": "literal", "value": "Gerichtsweg 28, 04103 Leipzig" }	, "wkt": { "type": "literal", "value": "Point(12.3924 51.3344)" }},
    { "akteur": { "type": "uri", "value": "http://nachhaltiges-leipzig.de/Data/Akteur.45" }	, "name": { "type": "literal", "value": "Vereinigte Leipziger Wohnungsgenossenschaft eG" }	, "mail": { "type": "literal", "value": "smrichter@vlw-eg.de" }	, "url": { "type": "uri", "value": "http://www.vlw-eg.de/" }	, "adresse": { "type": "literal", "value": "Hartzstra\u00DFe 2, 04129 Leipzig" }	, "wkt": { "type": "literal", "value": "Point(12.3948 51.3595)" }},
    { "akteur": { "type": "uri", "value": "http://nachhaltiges-leipzig.de/Data/Akteur.48" }	, "name": { "type": "literal", "value": "Dr.. Matias Langer" }	, "mail": { "type": "literal", "value": "email@seidentraum.eu" }	, "url": { "type": "uri", "value": "http://www.seidentraum.eu" }	, "adresse": { "type": "literal", "value": "Karl-Friedrich-Stra\u00DFe 1, 04316 Leipzig" }	, "wkt": { "type": "literal", "value": "Point(12.4542 51.3237)" }},
    { "akteur": { "type": "uri", "value": "http://nachhaltiges-leipzig.de/Data/Akteur.49" }	, "name": { "type": "literal", "value": "projektUP!" }	, "mail": { "type": "literal", "value": "fm@projektup.org" }	, "url": { "type": "uri", "value": "http://www.projektup.org" }	, "adresse": { "type": "literal", "value": "Stefan-Zweig-Stra\u00DFe 21, 04178 Leipzig" }	, "wkt": { "type": "literal", "value": "Point(12.2948 51.3543)" }},
    { "akteur": { "type": "uri", "value": "http://nachhaltiges-leipzig.de/Data/Akteur.51" }	, "name": { "type": "literal", "value": "ANNALINDE gGmbH" }	, "mail": { "type": "literal", "value": "info@annalinde-leipzig.de" }	, "url": { "type": "uri", "value": "http://www.annalinde-leipzig.de" }	, "adresse": { "type": "literal", "value": "L\u00FCtzner Stra\u00DFe 108, 04177 Leipzig" }	, "wkt": { "type": "literal", "value": "Point(12.3252 51.3342)" }},
    { "akteur": { "type": "uri", "value": "http://nachhaltiges-leipzig.de/Data/Akteur.53" }	, "name": { "type": "literal", "value": "Lust auf neues Geld" }	, "mail": { "type": "literal", "value": "info@lust-auf-neues-geld-leipzig.de" }	, "url": { "type": "uri", "value": "http://www.lust-auf-neues-geld.de" }	, "adresse": { "type": "literal", "value": "Rosestra\u00DFe 11, 04158 Leipzig" }	, "wkt": { "type": "literal", "value": "Point(12.3206 51.3897)" }},
    { "akteur": { "type": "uri", "value": "http://nachhaltiges-leipzig.de/Data/Akteur.55" }	, "name": { "type": "literal", "value": "Lipsia-e-motion" }	, "mail": { "type": "literal", "value": "info@lipsia-e-motion.com" }	, "url": { "type": "uri", "value": "http://www.Lipsia-e-motion.com" }	, "adresse": { "type": "literal", "value": "Toskastra\u00DFe 36, 04159 Leipzig" }	, "wkt": { "type": "literal", "value": "Point(12.3306 51.3699)" }},
    { "akteur": { "type": "uri", "value": "http://nachhaltiges-leipzig.de/Data/Akteur.61" }	, "name": { "type": "literal", "value": "Radbar &quot;Velocibar&quot;" }	, "mail": { "type": "literal", "value": "zumkarsten@gmx.de" }	, "url": { "type": "uri", "value": "http://www.velocibar.de" }	, "adresse": { "type": "literal", "value": "Alfred-Frank-Stra\u00DFe 15, 04229 Leipzig" }	, "wkt": { "type": "literal", "value": "Point(12.3426 51.3262)" }},
    { "akteur": { "type": "uri", "value": "http://nachhaltiges-leipzig.de/Data/Akteur.68" }	, "name": { "type": "literal", "value": "zackig auf kurs - die offene N\u00E4hwerkstatt f\u00FCr Upcycling" }	, "mail": { "type": "literal", "value": "kontakt@zackig-auf-kurs.de" }	, "url": { "type": "uri", "value": "http://www.zackig-auf-kurs.de" }	, "adresse": { "type": "literal", "value": "Cichoriusstra\u00DFe 2, 04318 Leipzig" }	, "wkt": { "type": "literal", "value": "Point(12.4085 51.3354)" }},
    { "akteur": { "type": "uri", "value": "http://nachhaltiges-leipzig.de/Data/Akteur.71" }	, "name": { "type": "literal", "value": "Das Schwarze Brett" }	, "mail": { "type": "literal", "value": "info@dsble.de" }	, "url": { "type": "uri", "value": "http://www.dsble.de/" }	, "adresse": { "type": "literal", "value": "Augustusplatz 10, 04109 Leipzig" }	, "wkt": { "type": "literal", "value": "Point(12.3791 51.3384)" }},
    { "akteur": { "type": "uri", "value": "http://nachhaltiges-leipzig.de/Data/Akteur.75" }	, "name": { "type": "literal", "value": "Tanz zentrale" }	, "mail": { "type": "literal", "value": "mail@tanz-zentrale.de" }	, "url": { "type": "uri", "value": "http://www.tanz-zentrale.de" }	, "adresse": { "type": "literal", "value": "Erich-Zeigner-Allee 64, 04229 Leipzig" }	, "wkt": { "type": "literal", "value": "Point(12.3362 51.324)" }},
    { "akteur": { "type": "uri", "value": "http://nachhaltiges-leipzig.de/Data/Akteur.77" }	, "name": { "type": "literal", "value": "ernte-mich" }	, "mail": { "type": "literal", "value": "Richard.Hagedorn@erntemich.de" }	, "url": { "type": "uri", "value": "http://www.erntemich.de" }	, "adresse": { "type": "literal", "value": "Gro\u00DFp\u00F6snaer Stra\u00DFe 71, 04288 Leipzig" }	, "wkt": { "type": "literal", "value": "Point(12.4799 51.2773)" }},
    { "akteur": { "type": "uri", "value": "http://nachhaltiges-leipzig.de/Data/Akteur.81" }	, "name": { "type": "literal", "value": "Leipziger Messe GmbH" }	, "mail": { "type": "literal", "value": "E.Truemper@leipziger-messe.de" }	, "url": { "type": "uri", "value": "http://www.leipziger-messe.de" }	, "adresse": { "type": "literal", "value": "Messe-Allee 1, 04356 Leipzig" }	, "wkt": { "type": "literal", "value": "Point(12.3992 51.3957)" }},
    { "akteur": { "type": "uri", "value": "http://nachhaltiges-leipzig.de/Data/Akteur.83" }	, "name": { "type": "literal", "value": "Lehmolandia Lehmatelier" }	, "mail": { "type": "literal", "value": "kontakt@lehmolandia.de" }	, "url": { "type": "uri", "value": "http://www.lehmolandia.de" }	, "adresse": { "type": "literal", "value": "Merseburger Stra\u00DFe 39, 04177 Leipzig" }	, "wkt": { "type": "literal", "value": "Point(12.3325 51.3323)" }},
    { "akteur": { "type": "uri", "value": "http://nachhaltiges-leipzig.de/Data/Akteur.86" }	, "name": { "type": "literal", "value": "Araki Verlag" }	, "mail": { "type": "literal", "value": "redaktion@araki.de" }	, "url": { "type": "uri", "value": "https://araki.de/" }	, "adresse": { "type": "literal", "value": "Theresienstra\u00DFe 35, 04129 Leipzig" }	, "wkt": { "type": "literal", "value": "Point(12.3868 51.3609)" }},
    { "akteur": { "type": "uri", "value": "http://nachhaltiges-leipzig.de/Data/Akteur.88" }	, "name": { "type": "literal", "value": "Wisamar Bildungsgesellschaft" }	, "mail": { "type": "literal", "value": "gregor.assfalg@wisamar.de" }	, "url": { "type": "uri", "value": "http://www.wisamar.de" }	, "adresse": { "type": "literal", "value": "Heinrichstra\u00DFe 5, 04317 Leipzig" }	, "wkt": { "type": "literal", "value": "Point(12.4018 51.3384)" }},
    { "akteur": { "type": "uri", "value": "http://nachhaltiges-leipzig.de/Data/Akteur.90" }	, "name": { "type": "literal", "value": "Haedi-Flor Meisterbetrieb" }	, "mail": { "type": "literal", "value": "info@haediflor.de" }	, "url": { "type": "uri", "value": "http://www.haediflor.de" }	, "adresse": { "type": "literal", "value": "Johannes-R.-Becher-Stra\u00DFe 12, 04279 Leipzig" }	, "wkt": { "type": "literal", "value": "Point(12.3986 51.3009)" }},
    { "akteur": { "type": "uri", "value": "http://nachhaltiges-leipzig.de/Data/Akteur.91" }	, "name": { "type": "literal", "value": "CONTIGO Fairtrade Shop" }	, "mail": { "type": "literal", "value": "leipzig@contigo.de" }	, "url": { "type": "uri", "value": "http://leipzig.contigo.de" }	, "adresse": { "type": "literal", "value": "Nikolaistra\u00DFe 6, 04109 Leipzig" }	, "wkt": { "type": "literal", "value": "Point(12.3783 51.3411)" }},
    { "akteur": { "type": "uri", "value": "http://nachhaltiges-leipzig.de/Data/Akteur.94" }	, "name": { "type": "literal", "value": "GR\u00DCNSCHNABEL" }	, "mail": { "type": "literal", "value": "c.pfundt@gruenschnabel-shop.de" }	, "url": { "type": "uri", "value": "http://www.gruenschnabel-shop.de" }	, "adresse": { "type": "literal", "value": "Nikolaistra\u00DFe 20, 04109 Leipzig" }	, "wkt": { "type": "literal", "value": "Point(12.3783 51.3418)" }},
    { "akteur": { "type": "uri", "value": "http://nachhaltiges-leipzig.de/Data/Akteur.97" }	, "name": { "type": "literal", "value": "Zoo Leipzig GmbH" }	, "mail": { "type": "literal", "value": "mhaupt@zoo-leipzig.de" }	, "url": { "type": "uri", "value": "http://www.zoo-leipzig.de" }	, "adresse": { "type": "literal", "value": "Pfaffendorfer Stra\u00DFe 29, 04105 Leipzig" }	, "wkt": { "type": "literal", "value": "Point(12.369 51.3517)" }},
    { "akteur": { "type": "uri", "value": "http://nachhaltiges-leipzig.de/Data/Akteur.10" }	, "name": { "type": "literal", "value": "Naturschutz und Kunst Leipziger Auwald e. V." }	, "mail": { "type": "literal", "value": "stoiber@nukla.de" }	, "url": { "type": "uri", "value": "http://www.nukla.de" }	, "adresse": { "type": "literal", "value": "Otto-Adam-Stra\u00DFe 14, 04157 Leipzig" }	, "wkt": { "type": "literal", "value": "Point(12.3751 51.3705)" }},
    { "akteur": { "type": "uri", "value": "http://nachhaltiges-leipzig.de/Data/Akteur.100" }	, "name": { "type": "literal", "value": "Stiftung B\u00FCrger f\u00FCr Leipzig" }	, "mail": { "type": "literal", "value": "post@buergerfuerleipzig.de" }	, "url": { "type": "uri", "value": "http://www.buergerfuerleipzig.de" }	, "adresse": { "type": "literal", "value": "Dorotheenplatz 2-4, 04109 Leipzig" }	, "wkt": { "type": "literal", "value": "Point(12.3686 51.3383)" }},
    { "akteur": { "type": "uri", "value": "http://nachhaltiges-leipzig.de/Data/Akteur.101" }	, "name": { "type": "literal", "value": "Haus der Demokratie Leipzig e.v." }	, "mail": { "type": "literal", "value": "info@hddl.de" }	, "url": { "type": "uri", "value": "http://www.hddl.de" }	, "adresse": { "type": "literal", "value": "Bernhard-G\u00F6ring-Stra\u00DFe 152, 04277 Leipzig" }	, "wkt": { "type": "literal", "value": "Point(12.3763 51.311)" }},
    { "akteur": { "type": "uri", "value": "http://nachhaltiges-leipzig.de/Data/Akteur.105" }	, "name": { "type": "literal", "value": "Autodidaktische Initiative e.V." }	, "mail": { "type": "literal", "value": "autodidaktenleipzig@riseup.net" }	, "url": { "type": "uri", "value": "http://adi-leipzig.net" }	, "adresse": { "type": "literal", "value": "Georg-Schwarz-Stra\u00DFe 19, 04177 Leipzig" }	, "wkt": { "type": "literal", "value": "Point(12.3265 51.3392)" }},
    { "akteur": { "type": "uri", "value": "http://nachhaltiges-leipzig.de/Data/Akteur.11" }	, "name": { "type": "literal", "value": "F\u00F6rderverein &quot;Umweltinformationszentrum Leipzig - UiZ&quot; e.V." }	, "mail": { "type": "literal", "value": "fvumweltinformationszentrum@web.de" }	, "url": { "type": "uri", "value": "http://www.umwelt-leipzig.de" }	, "adresse": { "type": "literal", "value": "Prager Stra\u00DFe 136, 04317 Leipzig" }	, "wkt": { "type": "literal", "value": "Point(12.4016 51.3244)" }},
    { "akteur": { "type": "uri", "value": "http://nachhaltiges-leipzig.de/Data/Akteur.114" }	, "name": { "type": "literal", "value": "Freie Kommunikation und Nachhaltiger Lebensstil e.V." }	, "mail": { "type": "literal", "value": "markus.kollotzek@greennetproject.org" }	, "url": { "type": "uri", "value": "https://greennetproject.org/de/content/downloads" }	, "adresse": { "type": "literal", "value": "Jahnatalstra\u00DFe 4, 01594 Riesa" }	, "wkt": { "type": "literal", "value": "Point(13.2854 51.2737)" }},
    { "akteur": { "type": "uri", "value": "http://nachhaltiges-leipzig.de/Data/Akteur.127" }	, "name": { "type": "literal", "value": "HANDS on TECHNOLOGY e.V." }	, "mail": { "type": "literal", "value": "info@hands-on-technology.org" }	, "url": { "type": "uri", "value": "http://www.hands-on-technology.org" }	, "adresse": { "type": "literal", "value": "Plautstra\u00DFe 80, 04179 Leipzig" }	, "wkt": { "type": "literal", "value": "Point(12.2987 51.3352)" }},
    { "akteur": { "type": "uri", "value": "http://nachhaltiges-leipzig.de/Data/Akteur.14" }	, "name": { "type": "literal", "value": "\u00D6kol\u00F6we - Umweltbund Leipzig e.V." }	, "mail": { "type": "literal", "value": "oeffentlichkeitsarbeit@oekoloewe.de" }	, "url": { "type": "uri", "value": "http://www.oekoloewe.de" }	, "adresse": { "type": "literal", "value": "Bernhard-G\u00F6ring-Stra\u00DFe 152, 04277 Leipzig" }	, "wkt": { "type": "literal", "value": "Point(12.3762 51.311)" }},
    { "akteur": { "type": "uri", "value": "http://nachhaltiges-leipzig.de/Data/Akteur.144" }	, "name": { "type": "literal", "value": "Leila e.V. iG" }	, "mail": { "type": "literal", "value": "kontakt@leila-leipzig.de" }	, "url": { "type": "uri", "value": "http://www.leila-leipzig.de" }	, "adresse": { "type": "literal", "value": "Naumburger Stra\u00DFe 49, 04229 Leipzig" }	, "wkt": { "type": "literal", "value": "Point(12.3255 51.3267)" }},
    { "akteur": { "type": "uri", "value": "http://nachhaltiges-leipzig.de/Data/Akteur.145" }	, "name": { "type": "literal", "value": "Konzeptwerk Neue \u00D6konomie" }	, "mail": { "type": "literal", "value": "K.Kuhnhenn@knoe.org" }	, "url": { "type": "uri", "value": "http://www.knoe.org" }	, "adresse": { "type": "literal", "value": "Klingenstra\u00DFe 22, 04229 Leipzig" }	, "wkt": { "type": "literal", "value": "Point(12.3244 51.323)" }},
    { "akteur": { "type": "uri", "value": "http://nachhaltiges-leipzig.de/Data/Akteur.146" }	, "name": { "type": "literal", "value": "\u00D6DP Sachsen" }	, "mail": { "type": "literal", "value": "rahwehbl@aikq.de" }	, "url": { "type": "uri", "value": "http://www.oedp-sachsen.de" }	, "adresse": { "type": "literal", "value": "G\u00F6bschelwitzer Stra\u00DFe 1, 04356 Leipzig" }	, "wkt": { "type": "literal", "value": "Point(12.4185 51.4064)" }},
    { "akteur": { "type": "uri", "value": "http://nachhaltiges-leipzig.de/Data/Akteur.148" }	, "name": { "type": "literal", "value": "DLRG Bezirk Leipzig e.V." }	, "mail": { "type": "literal", "value": "info@dlrg-leipzig.de" }	, "url": { "type": "uri", "value": "http://bez-leipzig.dlrg.de/" }	, "adresse": { "type": "literal", "value": "Theresienstra\u00DFe 2A, 04105 Leipzig" }	, "wkt": { "type": "literal", "value": "Point(12.3804 51.3594)" }},
    { "akteur": { "type": "uri", "value": "http://nachhaltiges-leipzig.de/Data/Akteur.149" }	, "name": { "type": "literal", "value": "Verein der Freunde und F\u00F6rderer des Wildparks Leipzige.V." }	, "mail": { "type": "literal", "value": "info@wildparkverein-leipzig.de" }	, "url": { "type": "uri", "value": "http://www.wildparkverein-leipzig.de" }	, "adresse": { "type": "literal", "value": "Bernhard-G\u00F6ring-Stra\u00DFe 161, 04277 Leipzig" }	, "wkt": { "type": "literal", "value": "Point(12.3766 51.309)" }},
    { "akteur": { "type": "uri", "value": "http://nachhaltiges-leipzig.de/Data/Akteur.15" }	, "name": { "type": "literal", "value": "Auwaldstation" }	, "mail": { "type": "literal", "value": "auwaldstation@t-online.de" }	, "url": { "type": "uri", "value": "http://www.auwaldstation.de" }	, "adresse": { "type": "literal", "value": "Schlo\u00DFweg 11, 04159 Leipzig" }	, "wkt": { "type": "literal", "value": "Point(12.2805 51.3772)" }},
    { "akteur": { "type": "uri", "value": "http://nachhaltiges-leipzig.de/Data/Akteur.150" }	, "name": { "type": "literal", "value": "SCI Leipzig" }	, "mail": { "type": "literal", "value": "leipzig.lg@sci-d.de" }	, "url": { "type": "uri", "value": "http://sci-d.de/lokalgruppe-leipzig" }	, "adresse": { "type": "literal", "value": "Mariannenstra\u00DFe 107, 04315 Leipzig" }	, "wkt": { "type": "literal", "value": "Point(12.4122 51.3467)" }},
    { "akteur": { "type": "uri", "value": "http://nachhaltiges-leipzig.de/Data/Akteur.151" }	, "name": { "type": "literal", "value": "Batzentauschring e.V." }	, "mail": { "type": "literal", "value": "leipzigrikscha@gmail.com" }	, "url": { "type": "uri", "value": "http://www.batzen.de" }	, "adresse": { "type": "literal", "value": "Ringelblumenweg 10, 04435 Schkeuditz" }	, "wkt": { "type": "literal", "value": "Point(12.2018 51.3704)" }},
    { "akteur": { "type": "uri", "value": "http://nachhaltiges-leipzig.de/Data/Akteur.16" }	, "name": { "type": "literal", "value": "Gr\u00FCn-Alternatives Zentrum Leipzig e.V." }	, "mail": { "type": "literal", "value": "GAZ-Leipzig@t-online.de" }	, "url": { "type": "uri", "value": "http://www.doelitzer-wassermuehle.de" }	, "adresse": { "type": "literal", "value": "Vollhardtstra\u00DFe 16, 04279 Leipzig" }	, "wkt": { "type": "literal", "value": "Point(12.3882 51.2891)" }},
    { "akteur": { "type": "uri", "value": "http://nachhaltiges-leipzig.de/Data/Akteur.160" }	, "name": { "type": "literal", "value": "Phyllodrom e.V." }	, "mail": { "type": "literal", "value": "info@phyllodrom.de" }	, "url": { "type": "uri", "value": "http://phyllodrom.de/" }	, "adresse": { "type": "literal", "value": "Delitzscher Landstra\u00DFe 38, 04158 Leipzig" }	, "wkt": { "type": "literal", "value": "Point(12.377 51.3917)" }},
    { "akteur": { "type": "uri", "value": "http://nachhaltiges-leipzig.de/Data/Akteur.164" }	, "name": { "type": "literal", "value": "ENEDAS e.V." }	, "mail": { "type": "literal", "value": "info@enedas.de" }	, "url": { "type": "uri", "value": "http://www.enedas.de/" }	, "adresse": { "type": "literal", "value": "Elsterstra\u00DFe 33, 04109 Leipzig" }	, "wkt": { "type": "literal", "value": "Point(12.3638 51.3402)" }},
    { "akteur": { "type": "uri", "value": "http://nachhaltiges-leipzig.de/Data/Akteur.165" }	, "name": { "type": "literal", "value": "Bergbau-Technik-Park e.V." }	, "mail": { "type": "literal", "value": "info@bergbau-technik-park.de" }	, "url": { "type": "uri", "value": "http://www.bergbau-technik-park.de/park/" }	, "adresse": { "type": "literal", "value": "Hauptstra\u00DFe 19, 04463 Gro\u00DFp\u00F6sna" }	, "wkt": { "type": "literal", "value": "Point(12.5032 51.2706)" }},
    { "akteur": { "type": "uri", "value": "http://nachhaltiges-leipzig.de/Data/Akteur.166" }	, "name": { "type": "literal", "value": "M\u00DCHLSTRASSE 14 e. V." }	, "mail": { "type": "literal", "value": "kontakt@muehlstrasse.de" }	, "url": { "type": "uri", "value": "http://www.muehlstrasse.de/" }	, "adresse": { "type": "literal", "value": "M\u00FChlstra\u00DFe 14, 04317 Leipzig" }	, "wkt": { "type": "literal", "value": "Point(12.4008 51.3301)" }},
    { "akteur": { "type": "uri", "value": "http://nachhaltiges-leipzig.de/Data/Akteur.167" }	, "name": { "type": "literal", "value": "arche noVa - Initiative f\u00FCr Menschen in Not e.V." }	, "mail": { "type": "literal", "value": "info@arche-nova.org" }	, "url": { "type": "uri", "value": "https://arche-nova.org/de" }	, "adresse": { "type": "literal", "value": "Wei\u00DFeritzstra\u00DFe 3, 01067 Dresden" }	, "wkt": { "type": "literal", "value": "Point(13.7267 51.0589)" }},
    { "akteur": { "type": "uri", "value": "http://nachhaltiges-leipzig.de/Data/Akteur.168" }	, "name": { "type": "literal", "value": "GeoWerkstatt Leipzig e.V." }	, "mail": { "type": "literal", "value": "vorstand@geowerkstatt.com" }	, "url": { "type": "uri", "value": "http://www.geowerkstatt.com" }	, "adresse": { "type": "literal", "value": "Johannisallee 19, 04103 Leipzig" }	, "wkt": { "type": "literal", "value": "Point(12.3947 51.3319)" }},
    { "akteur": { "type": "uri", "value": "http://nachhaltiges-leipzig.de/Data/Akteur.170" }	, "name": { "type": "literal", "value": "Bildungsverein Parcours e.V." }	, "mail": { "type": "literal", "value": "info@parcours-bildung.org" }	, "url": { "type": "uri", "value": "http://parcours-bildung.org" }	, "adresse": { "type": "literal", "value": "Ludwigstra\u00DFe 79, 04315 Leipzig" }	, "wkt": { "type": "literal", "value": "Point(12.4058 51.3464)" }},
    { "akteur": { "type": "uri", "value": "http://nachhaltiges-leipzig.de/Data/Akteur.2" }	, "name": { "type": "literal", "value": "Wasser-Stadt-Leipzig e.V." }	, "mail": { "type": "literal", "value": "mail@leipzig-heymann.de" }	, "url": { "type": "uri", "value": "http://www.wasser-stadt-leipzig.de" }	, "adresse": { "type": "literal", "value": "Industriestra\u00DFe 72, 04229 Leipzig" }	, "wkt": { "type": "literal", "value": "Point(12.3335 51.328)" }},
    { "akteur": { "type": "uri", "value": "http://nachhaltiges-leipzig.de/Data/Akteur.21" }	, "name": { "type": "literal", "value": "oikos Leipzig e.V." }	, "mail": { "type": "literal", "value": "info@oikos-leipzig.org" }	, "url": { "type": "uri", "value": "http://leipzig.oikos-international.org/" }	, "adresse": { "type": "literal", "value": "Grimmaische Stra\u00DFe 6-16, 04109 Leipzig" }	, "wkt": { "type": "literal", "value": "Point(12.3796 51.3393)" }},
    { "akteur": { "type": "uri", "value": "http://nachhaltiges-leipzig.de/Data/Akteur.26" }	, "name": { "type": "literal", "value": "ADFC Leipzig" }	, "mail": { "type": "literal", "value": "info@adfc-leipzig.de" }	, "url": { "type": "uri", "value": "http://www.adfc-leipzig.de" }	, "adresse": { "type": "literal", "value": "Peterssteinweg 18, 04107 Leipzig" }	, "wkt": { "type": "literal", "value": "Point(12.3735 51.3318)" }},
    { "akteur": { "type": "uri", "value": "http://nachhaltiges-leipzig.de/Data/Akteur.27" }	, "name": { "type": "literal", "value": "Konzeptwerk Neue \u00D6konomie" }	, "mail": { "type": "literal", "value": "s.brehm@knoe.org" }	, "url": { "type": "uri", "value": "http://www.konzeptwerk-neue-oekonomie.org" }	, "adresse": { "type": "literal", "value": "Klingenstra\u00DFe 22, 04229 Leipzig" }	, "wkt": { "type": "literal", "value": "Point(12.3243 51.323)" }},
    { "akteur": { "type": "uri", "value": "http://nachhaltiges-leipzig.de/Data/Akteur.28" }	, "name": { "type": "literal", "value": "WEGE e.V. - f\u00FCr Angeh\u00F6rige und Freunde psychisch Kranker" }	, "mail": { "type": "literal", "value": "oeffentlichkeitsarbeit@wege-ev.de" }	, "url": { "type": "uri", "value": "http://www.wege-ev.de" }	, "adresse": { "type": "literal", "value": "Luetzner Street 75, 04177 Leipzig" }	, "wkt": { "type": "literal", "value": "Point(12.3267 51.3346)" }},
    { "akteur": { "type": "uri", "value": "http://nachhaltiges-leipzig.de/Data/Akteur.29" }	, "name": { "type": "literal", "value": "Leipziger Kinderb\u00FCro des Deutschen Kinderschutzbundes" }	, "mail": { "type": "literal", "value": "kinderbuero@dksb-leipzig.de" }	, "url": { "type": "uri", "value": "http://www.leipziger-kinderbuero.de/" }	, "adresse": { "type": "literal", "value": "Johannisallee 20, 04317 Leipzig" }	, "wkt": { "type": "literal", "value": "Point(12.3951 51.3326)" }},
    { "akteur": { "type": "uri", "value": "http://nachhaltiges-leipzig.de/Data/Akteur.32" }	, "name": { "type": "literal", "value": "leben.lernen.leipzig" }	, "mail": { "type": "literal", "value": "info@lebenlernenleipzig.de" }	, "url": { "type": "uri", "value": "http://www.lebenlernenleipzig.de" }	, "adresse": { "type": "literal", "value": "Zschochersche Stra\u00DFe 68, 04229 Leipzig" }	, "wkt": { "type": "literal", "value": "Point(12.3348 51.3264)" }},
    { "akteur": { "type": "uri", "value": "http://nachhaltiges-leipzig.de/Data/Akteur.33" }	, "name": { "type": "literal", "value": "KonsumGlobal Leipzig" }	, "mail": { "type": "literal", "value": "WeltOffenEvau@gmx.de" }	, "url": { "type": "uri", "value": "http://www.KonsumGlobal-Leipzig.de" }	, "adresse": { "type": "literal", "value": "Stra\u00DFe des 17. Juni 11, 04107 Leipzig" }	, "wkt": { "type": "literal", "value": "Point(12.3721 51.3326)" }},
    { "akteur": { "type": "uri", "value": "http://nachhaltiges-leipzig.de/Data/Akteur.37" }	, "name": { "type": "literal", "value": "Caritasverband Leipzig e. V." }	, "mail": { "type": "literal", "value": "presse@caritas-leipzig.de" }	, "url": { "type": "uri", "value": "http://www.caritas-leipzig.de" }	, "adresse": { "type": "literal", "value": "Elsterstra\u00DFe 15, 04109 Leipzig" }	, "wkt": { "type": "literal", "value": "Point(12.3662 51.3392)" }},
    { "akteur": { "type": "uri", "value": "http://nachhaltiges-leipzig.de/Data/Akteur.38" }	, "name": { "type": "literal", "value": "Westbesuch e.V." }	, "mail": { "type": "literal", "value": "info@westbesuch.com" }	, "url": { "type": "uri", "value": "http://www.westbesuch.com" }	, "adresse": { "type": "literal", "value": "Karl-Heine-Stra\u00DFe 93, 04229 Leipzig" }	, "wkt": { "type": "literal", "value": "Point(12.331 51.3305)" }},
    { "akteur": { "type": "uri", "value": "http://nachhaltiges-leipzig.de/Data/Akteur.5" }	, "name": { "type": "literal", "value": "Zukunftsakademie Leipzig e.V." }	, "mail": { "type": "literal", "value": "schirmer@civixx.de" }	, "url": { "type": "uri", "value": "http://www.zukunftsakademie-leipzig.de" }	, "adresse": { "type": "literal", "value": "Eisenbahnstra\u00DFe 49, 04315 Leipzig" }	, "wkt": { "type": "literal", "value": "Point(12.4024 51.3459)" }},
    { "akteur": { "type": "uri", "value": "http://nachhaltiges-leipzig.de/Data/Akteur.52" }	, "name": { "type": "literal", "value": "Sukuma arts e.V." }	, "mail": { "type": "literal", "value": "award@sukuma.net" }	, "url": { "type": "uri", "value": "http://www.sukuma-award.de" }	, "adresse": { "type": "literal", "value": "Louisenstra\u00DFe 93, 01099 Dresden" }	, "wkt": { "type": "literal", "value": "Point(13.7589 51.0652)" }},
    { "akteur": { "type": "uri", "value": "http://nachhaltiges-leipzig.de/Data/Akteur.60" }	, "name": { "type": "literal", "value": "NABU-Regionalverband Leipzig" }	, "mail": { "type": "literal", "value": "info@nabu-leipzig.de" }	, "url": { "type": "uri", "value": "http://www.NABU-Leipzig.de" }	, "adresse": { "type": "literal", "value": "Corinthstra\u00DFe 14, 04157 Leipzig" }	, "wkt": { "type": "literal", "value": "Point(12.3717 51.3682)" }},
    { "akteur": { "type": "uri", "value": "http://nachhaltiges-leipzig.de/Data/Akteur.64" }	, "name": { "type": "literal", "value": "kunZstoffe \u2013 urbane Ideenwerkstatt e.V." }	, "mail": { "type": "literal", "value": "buero@kunzstoffe.de" }	, "url": { "type": "uri", "value": "http://www.kunzstoffe.de" }	, "adresse": { "type": "literal", "value": "Georg-Schwarz-Stra\u00DFe 7, 04177 Leipzig" }	, "wkt": { "type": "literal", "value": "Point(12.3271 51.3384)" }},
    { "akteur": { "type": "uri", "value": "http://nachhaltiges-leipzig.de/Data/Akteur.66" }	, "name": { "type": "literal", "value": "Stadtpflanzer e. V." }	, "mail": { "type": "literal", "value": "sandra@stadtpflanzer.de" }	, "url": { "type": "uri", "value": "http://www.stadtpflanzer.de" }	, "adresse": { "type": "literal", "value": "Hildegardstra\u00DFe 49, 04315 Leipzig" }	, "wkt": { "type": "literal", "value": "Point(12.4072 51.3458)" }},
    { "akteur": { "type": "uri", "value": "http://nachhaltiges-leipzig.de/Data/Akteur.69" }	, "name": { "type": "literal", "value": "\u00D6kol\u00F6we - Umweltbund Leipzig e.V." }	, "mail": { "type": "literal", "value": "info@oekoloewe.de" }	, "url": { "type": "uri", "value": "https://\u00F6kol\u00F6we.de/" }	, "adresse": { "type": "literal", "value": "Bernhard-G\u00F6ring-Stra\u00DFe 152, 04277 Leipzig" }	, "wkt": { "type": "literal", "value": "Point(12.3762 51.311)" }},
    { "akteur": { "type": "uri", "value": "http://nachhaltiges-leipzig.de/Data/Akteur.73" }	, "name": { "type": "literal", "value": "BUND Leipzig" }	, "mail": { "type": "literal", "value": "presse@bund-leipzig.de" }	, "url": { "type": "uri", "value": "http://www.bund-leipzig.de" }	, "adresse": { "type": "literal", "value": "Bernhard-G\u00F6ring-Stra\u00DFe 152, 04277 Leipzig" }	, "wkt": { "type": "literal", "value": "Point(12.3762 51.311)" }},
    { "akteur": { "type": "uri", "value": "http://nachhaltiges-leipzig.de/Data/Akteur.79" }	, "name": { "type": "literal", "value": "EDUVENTIS-Bildung erleben e.V." }	, "mail": { "type": "literal", "value": "manja.muehl@eduventis.org" }	, "url": { "type": "uri", "value": "http://www.eduventis.org" }	, "adresse": { "type": "literal", "value": "H\u00E4rtelstra\u00DFe 4, 04107 Leipzig" }	, "wkt": { "type": "literal", "value": "Point(12.3767 51.3329)" }},
    { "akteur": { "type": "uri", "value": "http://nachhaltiges-leipzig.de/Data/Akteur.85" }	, "name": { "type": "literal", "value": "Batzen-Tauschring Leipzig e.V." }	, "mail": { "type": "literal", "value": "peggy77@gmx.net" }	, "url": { "type": "uri", "value": "http://www.batzen.de" }	, "adresse": { "type": "literal", "value": "Zum Kleingartenpark 41, 04318 Leipzig" }	, "wkt": { "type": "literal", "value": "Point(12.4254 51.3433)" }},
    { "akteur": { "type": "uri", "value": "http://nachhaltiges-leipzig.de/Data/Akteur.87" }	, "name": { "type": "literal", "value": "Freiwilligen-Agentur Leipzig e. V." }	, "mail": { "type": "literal", "value": "info@fwal.de" }	, "url": { "type": "uri", "value": "http://www.freiwilligen-agentur-leipzig.de" }	, "adresse": { "type": "literal", "value": "Dorotheenplatz 2, 04109 Leipzig" }	, "wkt": { "type": "literal", "value": "Point(12.3686 51.3383)" }},
    { "akteur": { "type": "uri", "value": "http://nachhaltiges-leipzig.de/Data/Akteur.92" }	, "name": { "type": "literal", "value": "Das Japanische Haus e.V." }	, "mail": { "type": "literal", "value": "mail@djh-leipzig.de" }	, "url": { "type": "uri", "value": "http://www.djh-leipzig.de" }	, "adresse": { "type": "literal", "value": "Eisenbahnstra\u00DFe 113B, 04315 Leipzig" }	, "wkt": { "type": "literal", "value": "Point(12.4123 51.3453)" }},
    { "akteur": { "type": "uri", "value": "http://nachhaltiges-leipzig.de/Data/Akteur.177" }	, "name": { "type": "literal", "value": "LUXAA" }	, "mail": { "type": "literal", "value": "anne.friebel@luxaa.de" }	, "url": { "type": "uri", "value": "http://www.luxaa.de" }	, "adresse": { "type": "literal", "value": "K\u00F6nneritzstra\u00DFe 68, 04229 Leipzig" }	, "wkt": { "type": "literal", "value": "Point(12.3425 51.3221)" }},
    { "akteur": { "type": "uri", "value": "http://nachhaltiges-leipzig.de/Data/Akteur.178" }	, "name": { "type": "literal", "value": "Fan\u00F6-Mode" }	, "mail": { "type": "literal", "value": "kusa@fanoe-mode.de" }	, "url": { "type": "uri", "value": "http://www.fanoe-mode.de" }	, "adresse": { "type": "literal", "value": "K\u00F6nneritzstra\u00DFe 63, 04229 Leipzig" }	, "wkt": { "type": "literal", "value": "Point(12.3431 51.3223)" }},
    { "akteur": { "type": "uri", "value": "http://nachhaltiges-leipzig.de/Data/Akteur.179" }	, "name": { "type": "literal", "value": "DGGL Sachsen" }	, "mail": { "type": "literal", "value": "berninger@culturtraeger.de" }	, "url": { "type": "uri", "value": "http://www.dggl.org" }	, "adresse": { "type": "literal", "value": "Gabelsbergerstra\u00DFe 1A, 04317 Leipzig" }	, "wkt": { "type": "literal", "value": "Point(12.3959 51.3397)" }},
    { "akteur": { "type": "uri", "value": "http://nachhaltiges-leipzig.de/Data/Akteur.184" }	, "name": { "type": "literal", "value": "Gartenfreunde S\u00FCd e. V." }	, "mail": { "type": "literal", "value": "info@gartenfreundesued.de" }	, "url": { "type": "uri", "value": "http://www.gartenfreundesued.de" }	, "adresse": { "type": "literal", "value": "Richard-Lehmann-Stra\u00DFe 108, 04275 Leipzig" }	, "wkt": { "type": "literal", "value": "Point(12.3847 51.3137)" }},
    { "akteur": { "type": "uri", "value": "http://nachhaltiges-leipzig.de/Data/Akteur.185" }	, "name": { "type": "literal", "value": "Stadt Leipzig Umweltinformationszentrum" }	, "mail": { "type": "literal", "value": "uiz@leipzig.de" }	, "url": { "type": "uri", "value": "http://www.leipzig.de/uiz" }	, "adresse": { "type": "literal", "value": "Prager Stra\u00DFe 136, 04317 Leipzig" }	, "wkt": { "type": "literal", "value": "Point(12.4016 51.3244)" }},
    { "akteur": { "type": "uri", "value": "http://nachhaltiges-leipzig.de/Data/Akteur.186" }	, "name": { "type": "literal", "value": "Natur- und Wildnisschule Leipzig GbR" }	, "mail": { "type": "literal", "value": "info@natur-wildnisschule-leipzig.de" }	, "url": { "type": "uri", "value": "http://www.natur-wildnisschule-leipzig.de" }	, "adresse": { "type": "literal", "value": "Ecksteinstra\u00DFe 54, 04277 Leipzig" }	, "wkt": { "type": "literal", "value": "Point(12.385 51.3065)" }},
    { "akteur": { "type": "uri", "value": "http://nachhaltiges-leipzig.de/Data/Akteur.187" }	, "name": { "type": "literal", "value": "B\u00FCrgerverein Sellerhausen-St\u00FCnz" }	, "mail": { "type": "literal", "value": "info@bv-sellerhausen.de" }	, "url": { "type": "uri", "value": "http://www.bv-sellerhausen.de" }	, "adresse": { "type": "literal", "value": "George-B\u00E4hr-Stra\u00DFe 11, 04328 Leipzig" }	, "wkt": { "type": "literal", "value": "Point(12.4425 51.3476)" }},
    { "akteur": { "type": "uri", "value": "http://nachhaltiges-leipzig.de/Data/Akteur.188" }	, "name": { "type": "literal", "value": "Botanischer Garten der Universit\u00E4t Leipzig" }	, "mail": { "type": "literal", "value": "verein-bg@uni-leipzig.de" }	, "url": { "type": "uri", "value": "http://www.bota.uni-leipzig.de" }	, "adresse": { "type": "literal", "value": "Linn\u00E9stra\u00DFe 1, 04103 Leipzig" }	, "wkt": { "type": "literal", "value": "Point(12.3926 51.3292)" }},
    { "akteur": { "type": "uri", "value": "http://nachhaltiges-leipzig.de/Data/Akteur.189" }	, "name": { "type": "literal", "value": "Hofmann" }	, "mail": { "type": "literal", "value": "gaerten@buelowviertel.de" }	, "url": { "type": "uri", "value": "http://buelowviertel.de/projekte/foerderverein-buelowgaerten-e-v/" }	, "adresse": { "type": "literal", "value": "Eisenbahnstra\u00DFe 157, 04315 Leipzig" }	, "wkt": { "type": "literal", "value": "Point(12.4208 51.3449)" }},
    { "akteur": { "type": "uri", "value": "http://nachhaltiges-leipzig.de/Data/Akteur.190" }	, "name": { "type": "literal", "value": "Anja H\u00FCmmer" }	, "mail": { "type": "literal", "value": "natur.nah@gmx.de" }	, "url": { "type": "uri", "value": "http://www.naturnah.co" }	, "adresse": { "type": "literal", "value": "Herderstra\u00DFe 5, 04277 Leipzig" }	, "wkt": { "type": "literal", "value": "Point(12.3741 51.3078)" }},
    { "akteur": { "type": "uri", "value": "http://nachhaltiges-leipzig.de/Data/Akteur.192" }	, "name": { "type": "literal", "value": "Winter Catherine" }	, "mail": { "type": "literal", "value": "leipzig-halle@slowfood.de" }	, "url": { "type": "uri", "value": "http://www.slowfood.de" }	, "adresse": { "type": "literal", "value": "Am Eichwinkel 31, 04279 Leipzig" }	, "wkt": { "type": "literal", "value": "Point(12.4005 51.2834)" }},
    { "akteur": { "type": "uri", "value": "http://nachhaltiges-leipzig.de/Data/Akteur.195" }	, "name": { "type": "literal", "value": "Dirk Scheffler" }	, "mail": { "type": "literal", "value": "scheffler@e-fect.de" }	, "url": { "type": "uri", "value": "http://www.e-fect.de/" }	, "adresse": { "type": "literal", "value": "Kreuzstra\u00DFe 12, 04103 Leipzig" }	, "wkt": { "type": "literal", "value": "Point(12.3912 51.341)" }},
    { "akteur": { "type": "uri", "value": "http://nachhaltiges-leipzig.de/Data/Akteur.197" }	, "name": { "type": "literal", "value": "erleb-bar" }	, "mail": { "type": "literal", "value": "sebastian@erleb-bar.de" }	, "url": { "type": "uri", "value": "http://www.erleb-bar.de" }	, "adresse": { "type": "literal", "value": "Giebnerstra\u00DFe 18, 04279 Leipzig" }	, "wkt": { "type": "literal", "value": "Point(12.392 51.2924)" }},
    { "akteur": { "type": "uri", "value": "http://nachhaltiges-leipzig.de/Data/Akteur.198" }	, "name": { "type": "literal", "value": "Dt. Kleing\u00E4rtnermuseum" }	, "mail": { "type": "literal", "value": "paetzelt.kleingaertnermuseum@t-online.de" }	, "url": { "type": "uri", "value": "http://www.kleingarten-museum.de" }	, "adresse": { "type": "literal", "value": "Aachener Stra\u00DFe 7, 04109 Leipzig" }	, "wkt": { "type": "literal", "value": "Point(12.3569 51.3394)" }},
    { "akteur": { "type": "uri", "value": "http://nachhaltiges-leipzig.de/Data/Akteur.199" }	, "name": { "type": "literal", "value": "Michael Schaaf" }	, "mail": { "type": "literal", "value": "post@leipzigdetails.de" }	, "url": { "type": "uri", "value": "http://www.leipzigdetails.de" }	, "adresse": { "type": "literal", "value": "Reichsstra\u00DFe 2, 04109 Leipzig" }	, "wkt": { "type": "literal", "value": "Point(12.3769 51.3401)" }},
    { "akteur": { "type": "uri", "value": "http://nachhaltiges-leipzig.de/Data/Akteur.200" }	, "name": { "type": "literal", "value": "Stadtverband Leipzig der Kleing\u00E4rtner e.V." }	, "mail": { "type": "literal", "value": "l.kurth@leipziger-kleingaertner.de" }	, "url": { "type": "uri", "value": "http://stadtverband-leipzig.de" }	, "adresse": { "type": "literal", "value": "Zschochersche Stra\u00DFe 62, 04229 Leipzig" }	, "wkt": { "type": "literal", "value": "Point(12.3351 51.3268)" }},
    { "akteur": { "type": "uri", "value": "http://nachhaltiges-leipzig.de/Data/Akteur.201" }	, "name": { "type": "literal", "value": "Gohliser Verein zur F\u00F6rderungen Kunst und Kultur e.V." }	, "mail": { "type": "literal", "value": "mail@kuk-gohlis.de" }	, "url": { "type": "uri", "value": "http://www.kuk-gohlis.de" }	, "adresse": { "type": "literal", "value": "L\u00FCtzowstra\u00DFe 19, 04157 Leipzig" }	, "wkt": { "type": "literal", "value": "Point(12.3738 51.3638)" }},
    { "akteur": { "type": "uri", "value": "http://nachhaltiges-leipzig.de/Data/Akteur.202" }	, "name": { "type": "literal", "value": "Zentrum f\u00FCr Fermentation" }	, "mail": { "type": "literal", "value": "zff@posteo.de" }	, "url": { "type": "uri", "value": "http://www.zff-leipzig.de" }	, "adresse": { "type": "literal", "value": "Luppenstra\u00DFe 9, 04177 Leipzig" }	, "wkt": { "type": "literal", "value": "Point(12.3413 51.3375)" }},
    { "akteur": { "type": "uri", "value": "http://nachhaltiges-leipzig.de/Data/Akteur.203" }	, "name": { "type": "literal", "value": "H\u00F6rspielsommer e.V." }	, "mail": { "type": "literal", "value": "kommunikation@hoerspielsommer.de" }	, "url": { "type": "uri", "value": "https://hoerspielsommer.de/" }	, "adresse": { "type": "literal", "value": "Angerstra\u00DFe 40-42, 04177 Leipzig" }	, "wkt": { "type": "literal", "value": "Point(12.337 51.3409)" }},
    { "akteur": { "type": "uri", "value": "http://nachhaltiges-leipzig.de/Data/Akteur.204" }	, "name": { "type": "literal", "value": "Wilde Leipziger" }	, "mail": { "type": "literal", "value": "mail@wilde-leipziger.eu" }	, "url": { "type": "uri", "value": "http://www.wilde-leipziger.eu" }	, "adresse": { "type": "literal", "value": "Linn\u00E9stra\u00DFe 1, 04103 Leipzig" }	, "wkt": { "type": "literal", "value": "Point(12.3926 51.3292)" }},
    { "akteur": { "type": "uri", "value": "http://nachhaltiges-leipzig.de/Data/Akteur.205" }	, "name": { "type": "literal", "value": "Stadt Delitzsch" }	, "mail": { "type": "literal", "value": "nadine.fuchs@delitzsch.de" }	, "url": { "type": "uri", "value": "http://www.delitzsch.de" }	, "adresse": { "type": "literal", "value": "Markt 3, 04509 Delitzsch" }	, "wkt": { "type": "literal", "value": "Point(12.3329 51.5221)" }},
    { "akteur": { "type": "uri", "value": "http://nachhaltiges-leipzig.de/Data/Akteur.207" }	, "name": { "type": "literal", "value": "Cafe. Restaurant. Symbiose" }	, "mail": { "type": "literal", "value": "kontakt@symbiose-leipzig.de" }	, "url": { "type": "uri", "value": "http://www.symbiose-leipzig.de" }	, "adresse": { "type": "literal", "value": "Karl-Liebknecht-Stra\u00DFe 112, 04275 Leipzig" }	, "wkt": { "type": "literal", "value": "Point(12.3731 51.3165)" }},
    { "akteur": { "type": "uri", "value": "http://nachhaltiges-leipzig.de/Data/Akteur.208" }	, "name": { "type": "literal", "value": "Bl\u00FCtenreich" }	, "mail": { "type": "literal", "value": "bluetenreich@gmx.net" }	, "url": { "type": "uri", "value": "https://bluetenreich.jimdo.com/" }	, "adresse": { "type": "literal", "value": "Martin-Luther-Stra\u00DFe 37, 04808 Lossatal" }	, "wkt": { "type": "literal", "value": "Point(12.861 51.4269)" }},
    { "akteur": { "type": "uri", "value": "http://nachhaltiges-leipzig.de/Data/Akteur.209" }	, "name": { "type": "literal", "value": "Notenspur Leipzig e.V." }	, "mail": { "type": "literal", "value": "mail@notenspur-leipzig.de" }	, "url": { "type": "uri", "value": "http://www.notenspur-leipzig.de" }	, "adresse": { "type": "literal", "value": "Ritterstra\u00DFe 12, 04109 Leipzig" }	, "wkt": { "type": "literal", "value": "Point(12.3795 51.3405)" }},
    { "akteur": { "type": "uri", "value": "http://nachhaltiges-leipzig.de/Data/Akteur.210" }	, "name": { "type": "literal", "value": "Querbeet Leipzig e.V." }	, "mail": { "type": "literal", "value": "qb.info@posteo.de" }	, "url": { "type": "uri", "value": "http://www.querbeet-leipzig.de/" }	, "adresse": { "type": "literal", "value": "Neust\u00E4dter Stra\u00DFe 20, 04315 Leipzig" }	, "wkt": { "type": "literal", "value": "Point(12.4004 51.3462)" }},
    { "akteur": { "type": "uri", "value": "http://nachhaltiges-leipzig.de/Data/Akteur.211" }	, "name": { "type": "literal", "value": "GRASSI Museum f\u00FCr Angewandte Kunst" }	, "mail": { "type": "literal", "value": "ulrike.pilz@leipzig.de" }	, "url": { "type": "uri", "value": "http://www.grassimuseum.de" }	, "adresse": { "type": "literal", "value": "Johannisplatz 5, 04103 Leipzig" }	, "wkt": { "type": "literal", "value": "Point(12.3878 51.3369)" }},
    { "akteur": { "type": "uri", "value": "http://nachhaltiges-leipzig.de/Data/Akteur.212" }	, "name": { "type": "literal", "value": "Galerie f\u00FCr Zeitgen\u00F6ssische Kunst" }	, "mail": { "type": "literal", "value": "trainee@gfzk.de" }	, "url": { "type": "uri", "value": "http://www.gfzk.de" }	, "adresse": { "type": "literal", "value": "Karl-Tauchnitz-Stra\u00DFe 9-11, 04107 Leipzig" }	, "wkt": { "type": "literal", "value": "Point(12.366 51.3341)" }},
    { "akteur": { "type": "uri", "value": "http://nachhaltiges-leipzig.de/Data/Akteur.213" }	, "name": { "type": "literal", "value": "GR\u00DCNE LIGA Kohrener Land" }	, "mail": { "type": "literal", "value": "kohrenerland@grueneliga.de" }	, "url": { "type": "uri", "value": "http://www.apfelkola.de" }	, "adresse": { "type": "literal", "value": "R\u00FCdigsdorf 29, 04655 Kohren-Sahlis" }	, "wkt": { "type": "literal", "value": "Point(12.5994 51.0091)" }},
    { "akteur": { "type": "uri", "value": "http://nachhaltiges-leipzig.de/Data/Akteur.214" }	, "name": { "type": "literal", "value": "Zoo Leipzig GmbH" }	, "mail": { "type": "literal", "value": "safaribuero@zoo-leipzig.de" }	, "url": { "type": "uri", "value": "http://www.zoo-leipzig.de" }	, "adresse": { "type": "literal", "value": "Pfaffendorfer Stra\u00DFe 29, 04105 Leipzig" }	, "wkt": { "type": "literal", "value": "Point(12.3713 51.3495)" }},
    { "akteur": { "type": "uri", "value": "http://nachhaltiges-leipzig.de/Data/Akteur.215" }	, "name": { "type": "literal", "value": "Cammerspiele Leipzig" }	, "mail": { "type": "literal", "value": "awe@cammerspiele.de" }	, "url": { "type": "uri", "value": "http://www.cammerspiele.de" }	, "adresse": { "type": "literal", "value": "Kochstra\u00DFe 132, 04277 Leipzig" }	, "wkt": { "type": "literal", "value": "Point(12.3713 51.3101)" }},
    { "akteur": { "type": "uri", "value": "http://nachhaltiges-leipzig.de/Data/Akteur.216" }	, "name": { "type": "literal", "value": "\u00D6lm\u00FChle Leipzig" }	, "mail": { "type": "literal", "value": "info@leipspeis.de" }	, "url": { "type": "uri", "value": "http://www.leipspeis.de" }	, "adresse": { "type": "literal", "value": "Naumburger Stra\u00DFe 10, 04229 Leipzig" }	, "wkt": { "type": "literal", "value": "Point(12.3334 51.3263)" }},
    { "akteur": { "type": "uri", "value": "http://nachhaltiges-leipzig.de/Data/Akteur.219" }	, "name": { "type": "literal", "value": "Solidarische Feldwirtschaft" }	, "mail": { "type": "literal", "value": "kontakt@solidarischefeldwirtschaft.de" }	, "url": { "type": "uri", "value": "http://www.solidarischefeldwirtschaft.de" }	, "adresse": { "type": "literal", "value": "Ecksteinstra\u00DFe 29, 04277 Leipzig" }	, "wkt": { "type": "literal", "value": "Point(12.3793 51.3052)" }},
    { "akteur": { "type": "uri", "value": "http://nachhaltiges-leipzig.de/Data/Akteur.181" }	, "name": { "type": "literal", "value": "Orang-Utans in Not" }	, "mail": { "type": "literal", "value": "kontakt@ouin.de" }	, "url": { "type": "uri", "value": "http://www.orang-utans-in-not.org" }	, "adresse": { "type": "literal", "value": "Deutscher Platz 6, 04103 Leipzig" }	, "wkt": { "type": "literal", "value": "Point(12.3949 51.321)" }},
    { "akteur": { "type": "uri", "value": "http://nachhaltiges-leipzig.de/Data/Akteur.183" }	, "name": { "type": "literal", "value": "Luise Neugebauer Schmuck" }	, "mail": { "type": "literal", "value": "mail@luiseneugebauer.de" }	, "url": { "type": "uri", "value": "http://www.luiseneugebauer.de" }	, "adresse": { "type": "literal", "value": "Karl-Liebknecht-Stra\u00DFe 79, 04275 Leipzig" }	, "wkt": { "type": "literal", "value": "Point(12.3739 51.3233)" }},
    { "akteur": { "type": "uri", "value": "http://nachhaltiges-leipzig.de/Data/Akteur.220" }	, "name": { "type": "literal", "value": "Magistralenmanagement Georg-Schumann-Stra\u00DFe" }	, "mail": { "type": "literal", "value": "presse@schumann-magistrale.de" }	, "url": { "type": "uri", "value": "http://www.schumann-magistrale.de" }	, "adresse": { "type": "literal", "value": "Georg-Schumann-Stra\u00DFe 126, 04155 Leipzig" }	, "wkt": { "type": "literal", "value": "Point(12.3575 51.3645)" }},
    { "akteur": { "type": "uri", "value": "http://nachhaltiges-leipzig.de/Data/Akteur.221" }	, "name": { "type": "literal", "value": "heldenk\u00FCche" }	, "mail": { "type": "literal", "value": "kontakt@heldenkueche.net" }	, "url": { "type": "uri", "value": "http://www.heldenkueche.net" }	, "adresse": { "type": "literal", "value": "Naumburger Stra\u00DFe 10, 04229 Leipzig" }	, "wkt": { "type": "literal", "value": "Point(12.3334 51.3263)" }},
    { "akteur": { "type": "uri", "value": "http://nachhaltiges-leipzig.de/Data/Akteur.222" }	, "name": { "type": "literal", "value": "Delitzscher Land e.V" }	, "mail": { "type": "literal", "value": "julia.hanuschke@delitzscherland.de" }	, "url": { "type": "uri", "value": "http://www.delitzscherland.de" }	, "adresse": { "type": "literal", "value": "Richard-Wagner-Stra\u00DFe 7A, 04509 Delitzsch" }	, "wkt": { "type": "literal", "value": "Point(12.3329 51.5172)" }},
    { "akteur": { "type": "uri", "value": "http://nachhaltiges-leipzig.de/Data/Akteur.224" }	, "name": { "type": "literal", "value": "Ackerdemia e.V." }	, "mail": { "type": "literal", "value": "j.wockenfuss@ackerdemia.de" }	, "url": { "type": "uri", "value": "http://www.gemueseackerdemie.de" }	, "adresse": { "type": "literal", "value": "Erdmannstra\u00DFe 8, 04229 Leipzig" }	, "wkt": { "type": "literal", "value": "Point(12.3463 51.3315)" }},
    { "akteur": { "type": "uri", "value": "http://nachhaltiges-leipzig.de/Data/Akteur.227" }	, "name": { "type": "literal", "value": "Bunte G\u00E4rten Leipzig e. V." }	, "mail": { "type": "literal", "value": "kontakt@bunte-gaerten.org" }	, "url": { "type": "uri", "value": "http://bunte-gaerten.org" }	, "adresse": { "type": "literal", "value": "Pommernstra\u00DFe 10, 04318 Leipzig" }	, "wkt": { "type": "literal", "value": "Point(12.4285 51.3293)" }},
    { "akteur": { "type": "uri", "value": "http://nachhaltiges-leipzig.de/Data/Akteur.230" }	, "name": { "type": "literal", "value": "Annett Antonia Graeske" }	, "mail": { "type": "literal", "value": "info@fitinart.com" }	, "url": { "type": "uri", "value": "http://www.offene-gartenpforte-muldental.de" }	, "adresse": { "type": "literal", "value": "Bahrener Stra\u00DFe 12, 04668 Grimma" }	, "wkt": { "type": "literal", "value": "Point(12.7401 51.2534)" }},
    { "akteur": { "type": "uri", "value": "http://nachhaltiges-leipzig.de/Data/Akteur.233" }	, "name": { "type": "literal", "value": "Code it!" }	, "mail": { "type": "literal", "value": "andreas.koch@code-it-studio.de" }	, "url": { "type": "uri", "value": "https://code-it-studio.de/" }	, "adresse": { "type": "literal", "value": "Demmering Str. 49, 04177 Leipzig" }	, "wkt": { "type": "literal", "value": "Point(12.3278 51.3363)" }},
    { "akteur": { "type": "uri", "value": "http://nachhaltiges-leipzig.de/Data/Akteur.182" }	, "name": { "type": "literal", "value": "Matthias Schmidt" }	, "mail": { "type": "literal", "value": "matthias@gold-schmied.com" }	, "url": { "type": "uri", "value": "http://www.gold-schmied.com" }	, "adresse": { "type": "literal", "value": "Arndtstra\u00DFe 63, 04275 Leipzig" }	, "wkt": { "type": "literal", "value": "Point(12.3799 51.3232)" }},
    { "akteur": { "type": "uri", "value": "http://nachhaltiges-leipzig.de/Data/Akteur.191" }	, "name": { "type": "literal", "value": "Fabian" }	, "mail": { "type": "literal", "value": "fabian@studiobosco.de" }	, "url": { "type": "uri", "value": "https://www.studiobosco.de" }	, "adresse": { "type": "literal", "value": "L\u00FCtzner Stra\u00DFe 29, 04177 Leipzig" }	, "wkt": { "type": "literal", "value": "Point(12.3341 51.3358)" }},
    { "akteur": { "type": "uri", "value": "http://nachhaltiges-leipzig.de/Data/Akteur.194" }	, "name": { "type": "literal", "value": "Stadtverband Leipzig der kleing\u00E4rtner e.V." }	, "mail": { "type": "literal", "value": "r.mueller@leipziger-kleingaertner.de" }	, "url": { "type": "uri", "value": "http://www.stadtverband-leipzig.de" }	, "adresse": { "type": "literal", "value": "Zschochersche Stra\u00DFe 62, 04229 Leipzig" }	, "wkt": { "type": "literal", "value": "Point(12.3351 51.3268)" }},
    { "akteur": { "type": "uri", "value": "http://nachhaltiges-leipzig.de/Data/Akteur.196" }	, "name": { "type": "literal", "value": "Biomare II GmbH" }	, "mail": { "type": "literal", "value": "ngrohall@bio-mare.com" }	, "url": { "type": "uri", "value": "http://www.bio-mare.com" }	, "adresse": { "type": "literal", "value": "Simildenstra\u00DFe 20, 04277 Leipzig" }	, "wkt": { "type": "literal", "value": "Point(12.3715 51.3084)" }},
    { "akteur": { "type": "uri", "value": "http://nachhaltiges-leipzig.de/Data/Akteur.218" }	, "name": { "type": "literal", "value": "mobile- apfelquetsche" }	, "mail": { "type": "literal", "value": "info@mobile-apfelquetsche.de" }	, "url": { "type": "uri", "value": "http://www.mobile-apfelquetsche.de" }	, "adresse": { "type": "literal", "value": "Apelsteinweg 12, 04316 Leipzig" }	, "wkt": { "type": "literal", "value": "Point(12.4753 51.3219)" }},
    { "akteur": { "type": "uri", "value": "http://nachhaltiges-leipzig.de/Data/Akteur.223" }	, "name": { "type": "literal", "value": "ANNALINDE Akademie" }	, "mail": { "type": "literal", "value": "akademie@annalinde-leipzig.de" }	, "url": { "type": "uri", "value": "http://annalinde-leipzig.de/" }	, "adresse": { "type": "literal", "value": "L\u00FCtzner Stra\u00DFe 108, 04177 Leipzig" }	, "wkt": { "type": "literal", "value": "Point(12.3252 51.3342)" }},
    { "akteur": { "type": "uri", "value": "http://nachhaltiges-leipzig.de/Data/Akteur.228" }	, "name": { "type": "literal", "value": "the shop she loves" }	, "mail": { "type": "literal", "value": "hallo@theshopsheloves.de" }	, "url": { "type": "uri", "value": "http://www.theshopsheloves.de" }	, "adresse": { "type": "literal", "value": "Aurelienstra\u00DFe 62, 04177 Leipzig" }	, "wkt": { "type": "literal", "value": "Point(12.3269 51.3316)" }},
    { "akteur": { "type": "uri", "value": "http://nachhaltiges-leipzig.de/Data/Akteur.229" }	, "name": { "type": "literal", "value": "Ecofacture" }	, "mail": { "type": "literal", "value": "Info@ecofacture.de" }	, "url": { "type": "uri", "value": "http://www.ecofacture.de" }	, "adresse": { "type": "literal", "value": "Georg-Schwarz-Stra\u00DFe 118, 04179 Leipzig" }	, "wkt": { "type": "literal", "value": "Point(12.3166 51.3466)" }},
    { "akteur": { "type": "uri", "value": "http://nachhaltiges-leipzig.de/Data/Akteur.232" }	, "name": { "type": "literal", "value": "KonsumGlobalLeipzig" }	, "mail": { "type": "literal", "value": "info@KonsumGlobal-Leipzig.de" }	, "url": { "type": "uri", "value": "http://www.KonsumGlobal-Leipzig.de" }	, "adresse": { "type": "literal", "value": "Stra\u00DFe des 17. Juni 11, 04107 Leipzig" }	, "wkt": { "type": "literal", "value": "Point(12.3721 51.3326)" }},
    { "akteur": { "type": "uri", "value": "http://nachhaltiges-leipzig.de/Data/Akteur.234" }	, "name": { "type": "literal", "value": "Naturdrogerie Sturm" }	, "mail": { "type": "literal", "value": "info@naturdrogerie-sturm.de" }	, "url": { "type": "uri", "value": "http://www.naturdrogerie-sturm.de" }	, "adresse": { "type": "literal", "value": "Gohliser Stra\u00DFe 6, 04155 Leipzig" }	, "wkt": { "type": "literal", "value": "Point(12.3677 51.3583)" }},
    { "akteur": { "type": "uri", "value": "http://nachhaltiges-leipzig.de/Data/Akteur.235" }	, "name": { "type": "literal", "value": "Global ESD" }	, "mail": { "type": "literal", "value": "susan@globalesd.org" }	, "url": { "type": "uri", "value": "http://www.globalesd.org" }	, "adresse": { "type": "literal", "value": "Bl\u00FCcherstr. 37, 04159 Leipzig" }	, "wkt": { "type": "literal", "value": "Point(12.3397 51.37)" }},
    { "akteur": { "type": "uri", "value": "http://nachhaltiges-leipzig.de/Data/Akteur.152" }	, "name": { "type": "literal", "value": "Sylke Nissen" }},
    { "akteur": { "type": "uri", "value": "http://nachhaltiges-leipzig.de/Data/Akteur.34" }	, "name": { "type": "literal", "value": "Sabine Bolte" }},
    { "akteur": { "type": "uri", "value": "http://nachhaltiges-leipzig.de/Data/Akteur.6" }	, "name": { "type": "literal", "value": "Johann Simowitsch" }},
    { "akteur": { "type": "uri", "value": "http://nachhaltiges-leipzig.de/Data/Akteur.108" }	, "name": { "type": "literal", "value": "Fairer Einkaufsf\u00FChrer - Discounter" }},
    { "akteur": { "type": "uri", "value": "http://nachhaltiges-leipzig.de/Data/Akteur.110" }	, "name": { "type": "literal", "value": "Fairer Einkaufsf\u00FChrer - Restaurant/Cafe" }},
    { "akteur": { "type": "uri", "value": "http://nachhaltiges-leipzig.de/Data/Akteur.111" }	, "name": { "type": "literal", "value": "Fairer Einkaufsf\u00FChrer - B\u00E4ckerei/Cafe" }},
    { "akteur": { "type": "uri", "value": "http://nachhaltiges-leipzig.de/Data/Akteur.130" }	, "name": { "type": "literal", "value": "Einkaufsf\u00FChrer - Superm\u00E4rkte" }},
    { "akteur": { "type": "uri", "value": "http://nachhaltiges-leipzig.de/Data/Akteur.131" }	, "name": { "type": "literal", "value": "Einkaufsf\u00FChrer - Supermarkt" }},
    { "akteur": { "type": "uri", "value": "http://nachhaltiges-leipzig.de/Data/Akteur.141" }	, "name": { "type": "literal", "value": "Marktschw\u00E4rmer" }},
    { "akteur": { "type": "uri", "value": "http://nachhaltiges-leipzig.de/Data/Akteur.70" }	, "name": { "type": "literal", "value": "Klimagerechtigkeit Leipzig" }},
    { "akteur": { "type": "uri", "value": "http://nachhaltiges-leipzig.de/Data/Akteur.106" }	, "name": { "type": "literal", "value": "Amt f\u00FCr Umweltschutz der Stadt Leipzig" }},
    { "akteur": { "type": "uri", "value": "http://nachhaltiges-leipzig.de/Data/Akteur.19" }	, "name": { "type": "literal", "value": "Stadt Leipzig" }},
    { "akteur": { "type": "uri", "value": "http://nachhaltiges-leipzig.de/Data/Akteur.25" }	, "name": { "type": "literal", "value": "Stadt Leipzig, Amt f\u00FCr Stadtgr\u00FCn und Gew\u00E4sser" }},
    { "akteur": { "type": "uri", "value": "http://nachhaltiges-leipzig.de/Data/Akteur.109" }	, "name": { "type": "literal", "value": "Rossmann" }},
    { "akteur": { "type": "uri", "value": "http://nachhaltiges-leipzig.de/Data/Akteur.116" }	, "name": { "type": "literal", "value": "Kuchenhimmel &amp; Brotfein" }},
    { "akteur": { "type": "uri", "value": "http://nachhaltiges-leipzig.de/Data/Akteur.124" }	, "name": { "type": "literal", "value": "LOst Food" }},
    { "akteur": { "type": "uri", "value": "http://nachhaltiges-leipzig.de/Data/Akteur.174" }	, "name": { "type": "literal", "value": "ALDI Einkauf GmbH &amp; Co. oHG" }},
    { "akteur": { "type": "uri", "value": "http://nachhaltiges-leipzig.de/Data/Akteur.41" }	, "name": { "type": "literal", "value": "AUREL Marketing" }},
    { "akteur": { "type": "uri", "value": "http://nachhaltiges-leipzig.de/Data/Akteur.56" }	, "name": { "type": "literal", "value": "WVG Rabe" }},
    { "akteur": { "type": "uri", "value": "http://nachhaltiges-leipzig.de/Data/Akteur.99" }	, "name": { "type": "literal", "value": "Oxfam Deutschland Shops gGmbH" }},
    { "akteur": { "type": "uri", "value": "http://nachhaltiges-leipzig.de/Data/Akteur.154" }	, "name": { "type": "literal", "value": "Carina Flores de Loo\u00DF" }},
    { "akteur": { "type": "uri", "value": "http://nachhaltiges-leipzig.de/Data/Akteur.159" }	, "name": { "type": "literal", "value": "kidscode e.V." }},
    { "akteur": { "type": "uri", "value": "http://nachhaltiges-leipzig.de/Data/Akteur.72" }	, "name": { "type": "literal", "value": "Nachbarschaftsg\u00E4rten e.V." }},
    { "akteur": { "type": "uri", "value": "http://nachhaltiges-leipzig.de/Data/Akteur.98" }	, "name": { "type": "literal", "value": "Netzwerk Gewaltfreie Kommunikation Leipzig e.V." }},
    { "akteur": { "type": "uri", "value": "http://nachhaltiges-leipzig.de/Data/Akteur.176" }	, "name": { "type": "literal", "value": "Vier F\u00E4hrten - Wege in den wilden Wald" }},
    { "akteur": { "type": "uri", "value": "http://nachhaltiges-leipzig.de/Data/Akteur.193" }	, "name": { "type": "literal", "value": "Park- und Stadtf\u00FChrerin Daniela Neumann" }},
    { "akteur": { "type": "uri", "value": "http://nachhaltiges-leipzig.de/Data/Akteur.206" }	, "name": { "type": "literal", "value": "Graeske" }},
    { "akteur": { "type": "uri", "value": "http://nachhaltiges-leipzig.de/Data/Akteur.217" }	, "name": { "type": "literal", "value": "agra-Park" }},
    { "akteur": { "type": "uri", "value": "http://nachhaltiges-leipzig.de/Data/Akteur.226" }	, "name": { "type": "literal", "value": "Ramona Strohwald" }},
    { "akteur": { "type": "uri", "value": "http://nachhaltiges-leipzig.de/Data/Akteur.175" }	, "name": { "type": "literal", "value": "Sabrina Bollmann" }},
    { "akteur": { "type": "uri", "value": "http://nachhaltiges-leipzig.de/Data/Akteur.231" }	, "name": { "type": "literal", "value": "Stefan H\u00E4rtel" }} ] } }