[{"id": "http://nachhaltiges-leipzig.de/Data/Akteur.10", "name": "Naturschutz und Kunst Leipziger Auwald e. V.", "email": "stoiber@nukla.de", "address": "Otto-Adam-Stra\u00dfe 14, 04157 Leipzig", "gps": {"lat": 51.3705, "long": 12.3751}, "url": "http://www.nukla.de"}, {"id": "http://nachhaltiges-leipzig.de/Data/Akteur.100", "name": "Stiftung B\u00fcrger f\u00fcr Leipzig", "email": "post@buergerfuerleipzig.de", "address": "Dorotheenplatz 2-4, 04109 Leipzig", "gps": {"lat": 51.3383, "long": 12.3686}, "url": "http://www.buergerfuerleipzig.de"}, {"id": "http://nachhaltiges-leipzig.de/Data/Akteur.101", "name": "Haus der Demokratie Leipzig e.v.", "email": "info@hddl.de", "address": "Bernhard-G\u00f6ring-Stra\u00dfe 152, 04277 Leipzig", "gps": {"lat": 51.311, "long": 12.3763}, "url": "http://www.hddl.de"}, {"id": "http://nachhaltiges-leipzig.de/Data/Akteur.102", "name": "fairgourmet GmbH", "email": "detlef.knaack@fairgourmet.de", "address": "Seehausener Allee 2, 04356 Leipzig", "gps": {"lat": 51.3978, "long": 12.4004}, "url": "http://www.fairgourmet.de"}, {"id": "http://nachhaltiges-leipzig.de/Data/Akteur.103", "name": "Hotel F\u00fcrstenhof", "email": "Philipp.Jahnich@luxurycollection.com", "address": "Tr\u00f6ndlinring 8, 04105 Leipzig", "gps": {"lat": 51.3447, "long": 12.373}, "url": "http://www.hotelfuerstenhofleipzig.com/"}, {"id": "http://nachhaltiges-leipzig.de/Data/Akteur.104", "name": "Dresdner59", "email": "stadtteilprojekt@dresdner59.de", "address": "Dresdner Stra\u00dfe 59, 04317 Leipzig", "gps": {"lat": 51.339, "long": 12.403}, "url": "http://www.dresdner59.de"}, {"id": "http://nachhaltiges-leipzig.de/Data/Akteur.105", "name": "Autodidaktische Initiative e.V.", "email": "autodidaktenleipzig@riseup.net", "address": "Georg-Schwarz-Stra\u00dfe 19, 04177 Leipzig", "gps": {"lat": 51.3392, "long": 12.3265}, "url": "http://adi-leipzig.net"}, {"id": "http://nachhaltiges-leipzig.de/Data/Akteur.106", "name": "Amt f\u00fcr Umweltschutz der Stadt Leipzig", "email": null, "address": null, "gps": null, "url": null}, {"id": "http://nachhaltiges-leipzig.de/Data/Akteur.108", "name": "Fairer Einkaufsf\u00fchrer - Discounter", "email": null, "address": null, "gps": null, "url": null}, {"id": "http://nachhaltiges-leipzig.de/Data/Akteur.109", "name": "Rossmann", "email": null, "address": null, "gps": null, "url": null}, {"id": "http://nachhaltiges-leipzig.de/Data/Akteur.11", "name": "F\u00f6rderverein &quot;Umweltinformationszentrum Leipzig - UiZ&quot; e.V.", "email": "fvumweltinformationszentrum@web.de", "address": "Prager Stra\u00dfe 136, 04317 Leipzig", "gps": {"lat": 51.3244, "long": 12.4016}, "url": "http://www.umwelt-leipzig.de"}, {"id": "http://nachhaltiges-leipzig.de/Data/Akteur.110", "name": "Fairer Einkaufsf\u00fchrer - Restaurant/Cafe", "email": null, "address": null, "gps": null, "url": null}, {"id": "http://nachhaltiges-leipzig.de/Data/Akteur.111", "name": "Fairer Einkaufsf\u00fchrer - B\u00e4ckerei/Cafe", "email": null, "address": null, "gps": null, "url": null}, {"id": "http://nachhaltiges-leipzig.de/Data/Akteur.112", "name": "Nelly Morelly", "email": "info@nelly-morelly.de", "address": "Droy\u00dfiger Stra\u00dfe 9, 06188 Landsberg", "gps": {"lat": 51.4976, "long": 12.1052}, "url": "http://www.nelly-morelly.de"}, {"id": "http://nachhaltiges-leipzig.de/Data/Akteur.113", "name": "Stadtteilbibliothek Plagwitz", "email": "bibliothek.plagwitz@leipzig.de", "address": "Zschochersche Stra\u00dfe 14, 04229 Leipzig", "gps": {"lat": 51.3338, "long": 12.3392}, "url": "http://www.leipzig.de/stadtbib"}, {"id": "http://nachhaltiges-leipzig.de/Data/Akteur.114", "name": "Freie Kommunikation und Nachhaltiger Lebensstil e.V.", "email": "markus.kollotzek@greennetproject.org", "address": "Jahnatalstra\u00dfe 4, 01594 Riesa", "gps": {"lat": 51.2737, "long": 13.2854}, "url": "https://greennetproject.org/de/content/downloads"}, {"id": "http://nachhaltiges-leipzig.de/Data/Akteur.115", "name": "r\u00f6skant DIE MANUFAKTUR", "email": "info@roeskant.com", "address": "Hohe Stra\u00dfe 9, 04107 Leipzig", "gps": {"lat": 51.3287, "long": 12.379}, "url": "http://www.roeskant.de"}, {"id": "http://nachhaltiges-leipzig.de/Data/Akteur.116", "name": "Kuchenhimmel &amp; Brotfein", "email": null, "address": null, "gps": null, "url": null}, {"id": "http://nachhaltiges-leipzig.de/Data/Akteur.117", "name": "St. Benno Verlag", "email": "service@st-benno.de", "address": "Stammerstra\u00dfe 40, 04159 Leipzig", "gps": {"lat": 51.3774, "long": 12.3211}, "url": "http://www.vivat.de"}, {"id": "http://nachhaltiges-leipzig.de/Data/Akteur.118", "name": "heldenk\u00fcche", "email": "kontakt@heldenk\u00fcche.net", "address": "Georg-Schwarz-Stra\u00dfe 112, 04179 Leipzig", "gps": {"lat": 51.3462, "long": 12.3173}, "url": "http://www.heldenk\u00fcche.net"}, {"id": "http://nachhaltiges-leipzig.de/Data/Akteur.12", "name": "Helmholtz-Zentrum f\u00fcr Umweltforschung GmbH - UFZ", "email": "schuelerlabor@ufz.de", "address": "Permoserstra\u00dfe 15, 04318 Leipzig", "gps": {"lat": 51.3517, "long": 12.4321}, "url": "http://www.ufz-schuelerlabor.de"}, {"id": "http://nachhaltiges-leipzig.de/Data/Akteur.120", "name": "Caf\u00e9 Chavalo", "email": "jens@cafe-chavalo.de", "address": "Kochstra\u00dfe 132, 04277 Leipzig", "gps": {"lat": 51.3101, "long": 12.3716}, "url": "http://www.cafe-chavalo.de"}, {"id": "http://nachhaltiges-leipzig.de/Data/Akteur.122", "name": "Veganes Catering &quot;La Tortita&quot;", "email": "vanessarothe@gmx.de", "address": "Hildegardstra\u00dfe 49, 04315 Leipzig", "gps": {"lat": 51.3458, "long": 12.4072}, "url": "http://www.la-tortita.de"}, {"id": "http://nachhaltiges-leipzig.de/Data/Akteur.123", "name": "Der Lindwurm Handelsgesellschaft mbH", "email": "der_lindwurm@t-online.de", "address": "Grimmaer Landstra\u00dfe 2, 04687 Trebsen/Mulde", "gps": {"lat": 51.2923, "long": 12.6949}, "url": "http://www.derlindwurm.com"}, {"id": "http://nachhaltiges-leipzig.de/Data/Akteur.124", "name": "LOst Food", "email": null, "address": null, "gps": null, "url": null}, {"id": "http://nachhaltiges-leipzig.de/Data/Akteur.125", "name": "Kunst und Katze", "email": "info@kunstundkatze.de", "address": "Merseburger Stra\u00dfe 7, 04229 Leipzig", "gps": {"lat": 51.3295, "long": 12.3343}, "url": "http://www.kunstundkatze.de"}, {"id": "http://nachhaltiges-leipzig.de/Data/Akteur.126", "name": "Konsum Leipzig eG", "email": "petra.seelbach@konsum-leipzig.de", "address": "Industriestra\u00dfe 85, 04229 Leipzig", "gps": {"lat": 51.328, "long": 12.3299}, "url": "http://www.konsum-leipzig.de"}, {"id": "http://nachhaltiges-leipzig.de/Data/Akteur.127", "name": "HANDS on TECHNOLOGY e.V.", "email": "info@hands-on-technology.org", "address": "Plautstra\u00dfe 80, 04179 Leipzig", "gps": {"lat": 51.3352, "long": 12.2987}, "url": "http://www.hands-on-technology.org"}, {"id": "http://nachhaltiges-leipzig.de/Data/Akteur.128", "name": "Mrs. Hippie", "email": "karsten_reichmann@dibomedia.de", "address": "Karl-Liebknecht-Stra\u00dfe 36, 04107 Leipzig", "gps": {"lat": 51.3262, "long": 12.3734}, "url": "http://www.mrs.hippie.de"}, {"id": "http://nachhaltiges-leipzig.de/Data/Akteur.129", "name": "Anja B\u00fcchting", "email": "info@alltagsinstitut.de", "address": "Lange Stra\u00dfe 15, 04103 Leipzig", "gps": {"lat": 51.3405, "long": 12.3936}, "url": "http://www.alltagsinstitut.de"}, {"id": "http://nachhaltiges-leipzig.de/Data/Akteur.13", "name": "Kontaktstelle Orientierung", "email": "orientierung.leipzig@jesuiten.org", "address": "Hainstra\u00dfe 12, 04109 Leipzig", "gps": {"lat": 51.3423, "long": 12.3736}, "url": "http://www.orientierung-leipzig.de"}, {"id": "http://nachhaltiges-leipzig.de/Data/Akteur.130", "name": "Einkaufsf\u00fchrer - Superm\u00e4rkte", "email": null, "address": null, "gps": null, "url": null}, {"id": "http://nachhaltiges-leipzig.de/Data/Akteur.131", "name": "Einkaufsf\u00fchrer - Supermarkt", "email": null, "address": null, "gps": null, "url": null}, {"id": "http://nachhaltiges-leipzig.de/Data/Akteur.133", "name": "Creme BR\u00dcHL\u00e9", "email": "verena.hahmann@marriott.com", "address": "Am Hallischen Tor 1, 04109 Leipzig", "gps": {"lat": 51.3434, "long": 12.3771}, "url": "http://www.restaurant-creme-bruehle.de"}, {"id": "http://nachhaltiges-leipzig.de/Data/Akteur.134", "name": "Rehability", "email": "presse@rehability.de", "address": "Alter Amtshof 2, 04109 Leipzig", "gps": {"lat": 51.3374, "long": 12.3697}, "url": "http://www.rehability.de"}, {"id": "http://nachhaltiges-leipzig.de/Data/Akteur.135", "name": "little kiwi", "email": "info@little-kiwi.de", "address": "Helmholtzstra\u00dfe 27, 04177 Leipzig", "gps": {"lat": 51.3316, "long": 12.3306}, "url": "http://www.little-kiwi.de"}, {"id": "http://nachhaltiges-leipzig.de/Data/Akteur.136", "name": "Kati Magyar", "email": "post@katimagyar.de", "address": "Georg-Schwarz-Stra\u00dfe 112, 04179 Leipzig", "gps": {"lat": 51.3462, "long": 12.3173}, "url": "http://www.katimagyar.de"}, {"id": "http://nachhaltiges-leipzig.de/Data/Akteur.137", "name": "freigeist-Bibliothek im Shakunda", "email": "info@freigeist-leipzig.de", "address": "Karl-Liebknecht-Stra\u00dfe 102, 04275 Leipzig", "gps": {"lat": 51.3175, "long": 12.3731}, "url": "http://www.freigeist-leipzig.de"}, {"id": "http://nachhaltiges-leipzig.de/Data/Akteur.138", "name": "Pulita2016", "email": "pulita@gmx.info", "address": "Prie\u00dfnitzstra\u00dfe 32, 04179 Leipzig", "gps": {"lat": 51.3441, "long": 12.3199}, "url": "http://stores.ebay.de/pulita2016?_trksid=p2047675.l2563"}, {"id": "http://nachhaltiges-leipzig.de/Data/Akteur.139", "name": "NextLeipzig", "email": "steffen.peschel@konzeptfreun.de", "address": "Zschochersche Stra\u00dfe 2A, 04177 Leipzig", "gps": {"lat": 51.336, "long": 12.3396}, "url": "http://www.nextleipzig.de"}, {"id": "http://nachhaltiges-leipzig.de/Data/Akteur.14", "name": "\u00d6kol\u00f6we - Umweltbund Leipzig e.V.", "email": "oeffentlichkeitsarbeit@oekoloewe.de", "address": "Bernhard-G\u00f6ring-Stra\u00dfe 152, 04277 Leipzig", "gps": {"lat": 51.311, "long": 12.3762}, "url": "http://www.oekoloewe.de"}, {"id": "http://nachhaltiges-leipzig.de/Data/Akteur.141", "name": "Marktschw\u00e4rmer", "email": null, "address": null, "gps": null, "url": null}, {"id": "http://nachhaltiges-leipzig.de/Data/Akteur.142", "name": "Sch\u00e4fer &amp; Breuss GbR", "email": "dorothee.schaefer@schaeferbreuss.org", "address": "Kreftingstra\u00dfe 7, 28203 Bremen", "gps": {"lat": 53.0738, "long": 8.82159}, "url": "http://www.schaeferbreuss.org"}, {"id": "http://nachhaltiges-leipzig.de/Data/Akteur.143", "name": "Yellowbrasil", "email": "fitundvital1@freenet.de", "address": "Pfaffendorfer Stra\u00dfe 4, 04105 Leipzig", "gps": {"lat": 51.3455, "long": 12.3718}, "url": "http://www.yellowbrasil.de"}, {"id": "http://nachhaltiges-leipzig.de/Data/Akteur.144", "name": "Leila e.V. iG", "email": "kontakt@leila-leipzig.de", "address": "Naumburger Stra\u00dfe 49, 04229 Leipzig", "gps": {"lat": 51.3267, "long": 12.3255}, "url": "http://www.leila-leipzig.de"}, {"id": "http://nachhaltiges-leipzig.de/Data/Akteur.145", "name": "Konzeptwerk Neue \u00d6konomie", "email": "K.Kuhnhenn@knoe.org", "address": "Klingenstra\u00dfe 22, 04229 Leipzig", "gps": {"lat": 51.323, "long": 12.3244}, "url": "http://www.knoe.org"}, {"id": "http://nachhaltiges-leipzig.de/Data/Akteur.146", "name": "\u00d6DP Sachsen", "email": "rahwehbl@aikq.de", "address": "G\u00f6bschelwitzer Stra\u00dfe 1, 04356 Leipzig", "gps": {"lat": 51.4064, "long": 12.4185}, "url": "http://www.oedp-sachsen.de"}, {"id": "http://nachhaltiges-leipzig.de/Data/Akteur.147", "name": "EchtUnverpackt", "email": "info@echtunverpackt.de", "address": "K\u00f6nneritzstra\u00dfe 88, 04229 Leipzig", "gps": {"lat": 51.3206, "long": 12.3417}, "url": "http://www.EchtUnverpackt.de"}, {"id": "http://nachhaltiges-leipzig.de/Data/Akteur.148", "name": "DLRG Bezirk Leipzig e.V.", "email": "info@dlrg-leipzig.de", "address": "Theresienstra\u00dfe 2A, 04105 Leipzig", "gps": {"lat": 51.3594, "long": 12.3804}, "url": "http://bez-leipzig.dlrg.de/"}, {"id": "http://nachhaltiges-leipzig.de/Data/Akteur.149", "name": "Verein der Freunde und F\u00f6rderer des Wildparks Leipzige.V.", "email": "info@wildparkverein-leipzig.de", "address": "Bernhard-G\u00f6ring-Stra\u00dfe 161, 04277 Leipzig", "gps": {"lat": 51.309, "long": 12.3766}, "url": "http://www.wildparkverein-leipzig.de"}, {"id": "http://nachhaltiges-leipzig.de/Data/Akteur.15", "name": "Auwaldstation", "email": "auwaldstation@t-online.de", "address": "Schlo\u00dfweg 11, 04159 Leipzig", "gps": {"lat": 51.3772, "long": 12.2805}, "url": "http://www.auwaldstation.de"}, {"id": "http://nachhaltiges-leipzig.de/Data/Akteur.150", "name": "SCI Leipzig", "email": "leipzig.lg@sci-d.de", "address": "Mariannenstra\u00dfe 107, 04315 Leipzig", "gps": {"lat": 51.3467, "long": 12.4122}, "url": "http://sci-d.de/lokalgruppe-leipzig"}, {"id": "http://nachhaltiges-leipzig.de/Data/Akteur.151", "name": "Batzentauschring e.V.", "email": "leipzigrikscha@gmail.com", "address": "Ringelblumenweg 10, 04435 Schkeuditz", "gps": {"lat": 51.3704, "long": 12.2018}, "url": "http://www.batzen.de"}, {"id": "http://nachhaltiges-leipzig.de/Data/Akteur.152", "name": "Sylke Nissen", "email": null, "address": null, "gps": null, "url": null}, {"id": "http://nachhaltiges-leipzig.de/Data/Akteur.153", "name": "Nextleipzig", "email": "phartmann6@t-online.de", "address": "Zschochersche Stra\u00dfe 2A, 04177 Leipzig", "gps": {"lat": 51.336, "long": 12.3396}, "url": "http://www.nextleipzig.de/"}, {"id": "http://nachhaltiges-leipzig.de/Data/Akteur.154", "name": "Carina Flores de Loo\u00df", "email": null, "address": null, "gps": null, "url": null}, {"id": "http://nachhaltiges-leipzig.de/Data/Akteur.155", "name": "Bio Tempel", "email": "biotempel@posteo.de", "address": "T\u00e4ubchenweg 77A, 04317 Leipzig", "gps": {"lat": 51.3361, "long": 12.4054}, "url": "https://www.facebook.com/BioTempelLeipzig/"}, {"id": "http://nachhaltiges-leipzig.de/Data/Akteur.156", "name": "WWF Jugend", "email": "franziska.losse@posteo.de", "address": "Reinhardtstra\u00dfe 18, 10117 Berlin", "gps": {"lat": 52.5235, "long": 13.3848}, "url": "https://www.wwf-jugend.de/"}, {"id": "http://nachhaltiges-leipzig.de/Data/Akteur.157", "name": "Energiegenossenschaft Leipzig eG", "email": "a.wueste@eg-leipzig.de", "address": "Bernhard-G\u00f6ring-Stra\u00dfe 152, 04277 Leipzig", "gps": {"lat": 51.311, "long": 12.3762}, "url": "http://www.energiegenossenschaft-leipzig.de/"}, {"id": "http://nachhaltiges-leipzig.de/Data/Akteur.159", "name": "kidscode e.V.", "email": null, "address": null, "gps": null, "url": null}, {"id": "http://nachhaltiges-leipzig.de/Data/Akteur.16", "name": "Gr\u00fcn-Alternatives Zentrum Leipzig e.V.", "email": "GAZ-Leipzig@t-online.de", "address": "Vollhardtstra\u00dfe 16, 04279 Leipzig", "gps": {"lat": 51.2891, "long": 12.3882}, "url": "http://www.doelitzer-wassermuehle.de"}, {"id": "http://nachhaltiges-leipzig.de/Data/Akteur.160", "name": "Phyllodrom e.V.", "email": "info@phyllodrom.de", "address": "Delitzscher Landstra\u00dfe 38, 04158 Leipzig", "gps": {"lat": 51.3917, "long": 12.377}, "url": "http://phyllodrom.de/"}, {"id": "http://nachhaltiges-leipzig.de/Data/Akteur.162", "name": "Max Planck Institut f\u00fcr Mathematik", "email": "josefineotte95@gmail.com", "address": "Inselstra\u00dfe 22, 04103 Leipzig", "gps": {"lat": 51.3413, "long": 12.3909}, "url": "https://www.mis.mpg.de/de/start.html"}, {"id": "http://nachhaltiges-leipzig.de/Data/Akteur.163", "name": "VDI - GaraGe gGmbH", "email": "r.moreno95@web.de", "address": "Karl-Heine-Stra\u00dfe 97, 04229 Leipzig", "gps": {"lat": 51.3299, "long": 12.3292}, "url": "http://www.g-a-r-a-g-e.com/"}, {"id": "http://nachhaltiges-leipzig.de/Data/Akteur.164", "name": "ENEDAS e.V.", "email": "info@enedas.de", "address": "Elsterstra\u00dfe 33, 04109 Leipzig", "gps": {"lat": 51.3402, "long": 12.3638}, "url": "http://www.enedas.de/"}, {"id": "http://nachhaltiges-leipzig.de/Data/Akteur.165", "name": "Bergbau-Technik-Park e.V.", "email": "info@bergbau-technik-park.de", "address": "Hauptstra\u00dfe 19, 04463 Gro\u00dfp\u00f6sna", "gps": {"lat": 51.2706, "long": 12.5032}, "url": "http://www.bergbau-technik-park.de/park/"}, {"id": "http://nachhaltiges-leipzig.de/Data/Akteur.166", "name": "M\u00dcHLSTRASSE 14 e. V.", "email": "kontakt@muehlstrasse.de", "address": "M\u00fchlstra\u00dfe 14, 04317 Leipzig", "gps": {"lat": 51.3301, "long": 12.4008}, "url": "http://www.muehlstrasse.de/"}, {"id": "http://nachhaltiges-leipzig.de/Data/Akteur.167", "name": "arche noVa - Initiative f\u00fcr Menschen in Not e.V.", "email": "info@arche-nova.org", "address": "Wei\u00dferitzstra\u00dfe 3, 01067 Dresden", "gps": {"lat": 51.0589, "long": 13.7267}, "url": "https://arche-nova.org/de"}, {"id": "http://nachhaltiges-leipzig.de/Data/Akteur.168", "name": "GeoWerkstatt Leipzig e.V.", "email": "vorstand@geowerkstatt.com", "address": "Johannisallee 19, 04103 Leipzig", "gps": {"lat": 51.3319, "long": 12.3947}, "url": "http://www.geowerkstatt.com"}, {"id": "http://nachhaltiges-leipzig.de/Data/Akteur.170", "name": "Bildungsverein Parcours e.V.", "email": "info@parcours-bildung.org", "address": "Ludwigstra\u00dfe 79, 04315 Leipzig", "gps": {"lat": 51.3464, "long": 12.4058}, "url": "http://parcours-bildung.org"}, {"id": "http://nachhaltiges-leipzig.de/Data/Akteur.171", "name": "Botanischer Garten f\u00fcr Arznei- und Gew\u00fcrzpflanzen Gro\u00dfp\u00f6sna-Oberholz", "email": "botanischer-garten-oberholz@gmx.de", "address": "St\u00f6rmthaler Weg 2, 04463 Gro\u00dfp\u00f6sna", "gps": {"lat": 51.2605, "long": 12.5003}, "url": "http://www.botanischer-garten-oberholz.de"}, {"id": "http://nachhaltiges-leipzig.de/Data/Akteur.172", "name": "Jeepney Caf\u00e9", "email": "office@jeepney-cafe.de", "address": "Georg-Schumann-Stra\u00dfe 78, 04155 Leipzig", "gps": {"lat": 51.3628, "long": 12.365}, "url": "http://jeepney-cafe.de"}, {"id": "http://nachhaltiges-leipzig.de/Data/Akteur.173", "name": "Kurt Hinkefu\u00df", "email": "kauerte@gmx.net", "address": "Wiebelstra\u00dfe 8, 04315 Leipzig", "gps": {"lat": 51.3398, "long": 12.4089}, "url": "http://konsumglobal-leipzig.de/"}, {"id": "http://nachhaltiges-leipzig.de/Data/Akteur.174", "name": "ALDI Einkauf GmbH &amp; Co. oHG", "email": null, "address": null, "gps": null, "url": null}, {"id": "http://nachhaltiges-leipzig.de/Data/Akteur.175", "name": "Sabrina Bollmann", "email": null, "address": null, "gps": null, "url": null}, {"id": "http://nachhaltiges-leipzig.de/Data/Akteur.176", "name": "Vier F\u00e4hrten - Wege in den wilden Wald", "email": null, "address": null, "gps": null, "url": null}, {"id": "http://nachhaltiges-leipzig.de/Data/Akteur.177", "name": "LUXAA", "email": "anne.friebel@luxaa.de", "address": "K\u00f6nneritzstra\u00dfe 68, 04229 Leipzig", "gps": {"lat": 51.3221, "long": 12.3425}, "url": "http://www.luxaa.de"}, {"id": "http://nachhaltiges-leipzig.de/Data/Akteur.178", "name": "Fan\u00f6-Mode", "email": "kusa@fanoe-mode.de", "address": "K\u00f6nneritzstra\u00dfe 63, 04229 Leipzig", "gps": {"lat": 51.3223, "long": 12.3431}, "url": "http://www.fanoe-mode.de"}, {"id": "http://nachhaltiges-leipzig.de/Data/Akteur.179", "name": "DGGL Sachsen", "email": "berninger@culturtraeger.de", "address": "Gabelsbergerstra\u00dfe 1A, 04317 Leipzig", "gps": {"lat": 51.3397, "long": 12.3959}, "url": "http://www.dggl.org"}, {"id": "http://nachhaltiges-leipzig.de/Data/Akteur.18", "name": "sedruck KG", "email": "schroeder@sedruck.de", "address": "Ludwig-Hupfeld-Stra\u00dfe 16, 04178 Leipzig", "gps": {"lat": 51.3482, "long": 12.3009}, "url": "https://www.sedruck.de"}, {"id": "http://nachhaltiges-leipzig.de/Data/Akteur.181", "name": "Orang-Utans in Not", "email": "kontakt@ouin.de", "address": "Deutscher Platz 6, 04103 Leipzig", "gps": {"lat": 51.321, "long": 12.3949}, "url": "http://www.orang-utans-in-not.org"}, {"id": "http://nachhaltiges-leipzig.de/Data/Akteur.182", "name": "Matthias Schmidt", "email": "matthias@gold-schmied.com", "address": "Arndtstra\u00dfe 63, 04275 Leipzig", "gps": {"lat": 51.3232, "long": 12.3799}, "url": "http://www.gold-schmied.com"}, {"id": "http://nachhaltiges-leipzig.de/Data/Akteur.183", "name": "Luise Neugebauer Schmuck", "email": "mail@luiseneugebauer.de", "address": "Karl-Liebknecht-Stra\u00dfe 79, 04275 Leipzig", "gps": {"lat": 51.3233, "long": 12.3739}, "url": "http://www.luiseneugebauer.de"}, {"id": "http://nachhaltiges-leipzig.de/Data/Akteur.184", "name": "Gartenfreunde S\u00fcd e. V.", "email": "info@gartenfreundesued.de", "address": "Richard-Lehmann-Stra\u00dfe 108, 04275 Leipzig", "gps": {"lat": 51.3137, "long": 12.3847}, "url": "http://www.gartenfreundesued.de"}, {"id": "http://nachhaltiges-leipzig.de/Data/Akteur.185", "name": "Stadt Leipzig Umweltinformationszentrum", "email": "uiz@leipzig.de", "address": "Prager Stra\u00dfe 136, 04317 Leipzig", "gps": {"lat": 51.3244, "long": 12.4016}, "url": "http://www.leipzig.de/uiz"}, {"id": "http://nachhaltiges-leipzig.de/Data/Akteur.186", "name": "Natur- und Wildnisschule Leipzig GbR", "email": "info@natur-wildnisschule-leipzig.de", "address": "Ecksteinstra\u00dfe 54, 04277 Leipzig", "gps": {"lat": 51.3065, "long": 12.385}, "url": "http://www.natur-wildnisschule-leipzig.de"}, {"id": "http://nachhaltiges-leipzig.de/Data/Akteur.187", "name": "B\u00fcrgerverein Sellerhausen-St\u00fcnz", "email": "info@bv-sellerhausen.de", "address": "George-B\u00e4hr-Stra\u00dfe 11, 04328 Leipzig", "gps": {"lat": 51.3476, "long": 12.4425}, "url": "http://www.bv-sellerhausen.de"}, {"id": "http://nachhaltiges-leipzig.de/Data/Akteur.188", "name": "Botanischer Garten der Universit\u00e4t Leipzig", "email": "verein-bg@uni-leipzig.de", "address": "Linn\u00e9stra\u00dfe 1, 04103 Leipzig", "gps": {"lat": 51.3292, "long": 12.3926}, "url": "http://www.bota.uni-leipzig.de"}, {"id": "http://nachhaltiges-leipzig.de/Data/Akteur.189", "name": "Hofmann", "email": "gaerten@buelowviertel.de", "address": "Eisenbahnstra\u00dfe 157, 04315 Leipzig", "gps": {"lat": 51.3449, "long": 12.4208}, "url": "http://buelowviertel.de/projekte/foerderverein-buelowgaerten-e-v/"}, {"id": "http://nachhaltiges-leipzig.de/Data/Akteur.19", "name": "Stadt Leipzig", "email": null, "address": null, "gps": null, "url": null}, {"id": "http://nachhaltiges-leipzig.de/Data/Akteur.190", "name": "Anja H\u00fcmmer", "email": "natur.nah@gmx.de", "address": "Herderstra\u00dfe 5, 04277 Leipzig", "gps": {"lat": 51.3078, "long": 12.3741}, "url": "http://www.naturnah.co"}, {"id": "http://nachhaltiges-leipzig.de/Data/Akteur.191", "name": "Fabian", "email": "fabian@studiobosco.de", "address": "L\u00fctzner Stra\u00dfe 29, 04177 Leipzig", "gps": {"lat": 51.3358, "long": 12.3341}, "url": "https://www.studiobosco.de"}, {"id": "http://nachhaltiges-leipzig.de/Data/Akteur.192", "name": "Winter Catherine", "email": "leipzig-halle@slowfood.de", "address": "Am Eichwinkel 31, 04279 Leipzig", "gps": {"lat": 51.2834, "long": 12.4005}, "url": "http://www.slowfood.de"}, {"id": "http://nachhaltiges-leipzig.de/Data/Akteur.193", "name": "Park- und Stadtf\u00fchrerin Daniela Neumann", "email": null, "address": null, "gps": null, "url": null}, {"id": "http://nachhaltiges-leipzig.de/Data/Akteur.194", "name": "Stadtverband Leipzig der kleing\u00e4rtner e.V.", "email": "r.mueller@leipziger-kleingaertner.de", "address": "Zschochersche Stra\u00dfe 62, 04229 Leipzig", "gps": {"lat": 51.3268, "long": 12.3351}, "url": "http://www.stadtverband-leipzig.de"}, {"id": "http://nachhaltiges-leipzig.de/Data/Akteur.195", "name": "Dirk Scheffler", "email": "scheffler@e-fect.de", "address": "Kreuzstra\u00dfe 12, 04103 Leipzig", "gps": {"lat": 51.341, "long": 12.3912}, "url": "http://www.e-fect.de/"}, {"id": "http://nachhaltiges-leipzig.de/Data/Akteur.196", "name": "Biomare II GmbH", "email": "ngrohall@bio-mare.com", "address": "Simildenstra\u00dfe 20, 04277 Leipzig", "gps": {"lat": 51.3084, "long": 12.3715}, "url": "http://www.bio-mare.com"}, {"id": "http://nachhaltiges-leipzig.de/Data/Akteur.197", "name": "erleb-bar", "email": "sebastian@erleb-bar.de", "address": "Giebnerstra\u00dfe 18, 04279 Leipzig", "gps": {"lat": 51.2924, "long": 12.392}, "url": "http://www.erleb-bar.de"}, {"id": "http://nachhaltiges-leipzig.de/Data/Akteur.198", "name": "Dt. Kleing\u00e4rtnermuseum", "email": "paetzelt.kleingaertnermuseum@t-online.de", "address": "Aachener Stra\u00dfe 7, 04109 Leipzig", "gps": {"lat": 51.3394, "long": 12.3569}, "url": "http://www.kleingarten-museum.de"}, {"id": "http://nachhaltiges-leipzig.de/Data/Akteur.199", "name": "Michael Schaaf", "email": "post@leipzigdetails.de", "address": "Reichsstra\u00dfe 2, 04109 Leipzig", "gps": {"lat": 51.3401, "long": 12.3769}, "url": "http://www.leipzigdetails.de"}, {"id": "http://nachhaltiges-leipzig.de/Data/Akteur.2", "name": "Wasser-Stadt-Leipzig e.V.", "email": "mail@leipzig-heymann.de", "address": "Industriestra\u00dfe 72, 04229 Leipzig", "gps": {"lat": 51.328, "long": 12.3335}, "url": "http://www.wasser-stadt-leipzig.de"}, {"id": "http://nachhaltiges-leipzig.de/Data/Akteur.200", "name": "Stadtverband Leipzig der Kleing\u00e4rtner e.V.", "email": "l.kurth@leipziger-kleingaertner.de", "address": "Zschochersche Stra\u00dfe 62, 04229 Leipzig", "gps": {"lat": 51.3268, "long": 12.3351}, "url": "http://stadtverband-leipzig.de"}, {"id": "http://nachhaltiges-leipzig.de/Data/Akteur.201", "name": "Gohliser Verein zur F\u00f6rderungen Kunst und Kultur e.V.", "email": "mail@kuk-gohlis.de", "address": "L\u00fctzowstra\u00dfe 19, 04157 Leipzig", "gps": {"lat": 51.3638, "long": 12.3738}, "url": "http://www.kuk-gohlis.de"}, {"id": "http://nachhaltiges-leipzig.de/Data/Akteur.202", "name": "Zentrum f\u00fcr Fermentation", "email": "zff@posteo.de", "address": "Luppenstra\u00dfe 9, 04177 Leipzig", "gps": {"lat": 51.3375, "long": 12.3413}, "url": "http://www.zff-leipzig.de"}, {"id": "http://nachhaltiges-leipzig.de/Data/Akteur.203", "name": "H\u00f6rspielsommer e.V.", "email": "kommunikation@hoerspielsommer.de", "address": "Angerstra\u00dfe 40-42, 04177 Leipzig", "gps": {"lat": 51.3409, "long": 12.337}, "url": "https://hoerspielsommer.de/"}, {"id": "http://nachhaltiges-leipzig.de/Data/Akteur.204", "name": "Wilde Leipziger", "email": "mail@wilde-leipziger.eu", "address": "Linn\u00e9stra\u00dfe 1, 04103 Leipzig", "gps": {"lat": 51.3292, "long": 12.3926}, "url": "http://www.wilde-leipziger.eu"}, {"id": "http://nachhaltiges-leipzig.de/Data/Akteur.205", "name": "Stadt Delitzsch", "email": "nadine.fuchs@delitzsch.de", "address": "Markt 3, 04509 Delitzsch", "gps": {"lat": 51.5221, "long": 12.3329}, "url": "http://www.delitzsch.de"}, {"id": "http://nachhaltiges-leipzig.de/Data/Akteur.206", "name": "Graeske", "email": null, "address": null, "gps": null, "url": null}, {"id": "http://nachhaltiges-leipzig.de/Data/Akteur.207", "name": "Cafe. Restaurant. Symbiose", "email": "kontakt@symbiose-leipzig.de", "address": "Karl-Liebknecht-Stra\u00dfe 112, 04275 Leipzig", "gps": {"lat": 51.3165, "long": 12.3731}, "url": "http://www.symbiose-leipzig.de"}, {"id": "http://nachhaltiges-leipzig.de/Data/Akteur.208", "name": "Bl\u00fctenreich", "email": "bluetenreich@gmx.net", "address": "Martin-Luther-Stra\u00dfe 37, 04808 Lossatal", "gps": {"lat": 51.4269, "long": 12.861}, "url": "https://bluetenreich.jimdo.com/"}, {"id": "http://nachhaltiges-leipzig.de/Data/Akteur.209", "name": "Notenspur Leipzig e.V.", "email": "mail@notenspur-leipzig.de", "address": "Ritterstra\u00dfe 12, 04109 Leipzig", "gps": {"lat": 51.3405, "long": 12.3795}, "url": "http://www.notenspur-leipzig.de"}, {"id": "http://nachhaltiges-leipzig.de/Data/Akteur.21", "name": "oikos Leipzig e.V.", "email": "info@oikos-leipzig.org", "address": "Grimmaische Stra\u00dfe 6-16, 04109 Leipzig", "gps": {"lat": 51.3393, "long": 12.3796}, "url": "http://leipzig.oikos-international.org/"}, {"id": "http://nachhaltiges-leipzig.de/Data/Akteur.210", "name": "Querbeet Leipzig e.V.", "email": "qb.info@posteo.de", "address": "Neust\u00e4dter Stra\u00dfe 20, 04315 Leipzig", "gps": {"lat": 51.3462, "long": 12.4004}, "url": "http://www.querbeet-leipzig.de/"}, {"id": "http://nachhaltiges-leipzig.de/Data/Akteur.211", "name": "GRASSI Museum f\u00fcr Angewandte Kunst", "email": "ulrike.pilz@leipzig.de", "address": "Johannisplatz 5, 04103 Leipzig", "gps": {"lat": 51.3369, "long": 12.3878}, "url": "http://www.grassimuseum.de"}, {"id": "http://nachhaltiges-leipzig.de/Data/Akteur.212", "name": "Galerie f\u00fcr Zeitgen\u00f6ssische Kunst", "email": "trainee@gfzk.de", "address": "Karl-Tauchnitz-Stra\u00dfe 9-11, 04107 Leipzig", "gps": {"lat": 51.3341, "long": 12.366}, "url": "http://www.gfzk.de"}, {"id": "http://nachhaltiges-leipzig.de/Data/Akteur.213", "name": "GR\u00dcNE LIGA Kohrener Land", "email": "kohrenerland@grueneliga.de", "address": "R\u00fcdigsdorf 29, 04655 Kohren-Sahlis", "gps": {"lat": 51.0091, "long": 12.5994}, "url": "http://www.apfelkola.de"}, {"id": "http://nachhaltiges-leipzig.de/Data/Akteur.214", "name": "Zoo Leipzig GmbH", "email": "safaribuero@zoo-leipzig.de", "address": "Pfaffendorfer Stra\u00dfe 29, 04105 Leipzig", "gps": {"lat": 51.3495, "long": 12.3713}, "url": "http://www.zoo-leipzig.de"}, {"id": "http://nachhaltiges-leipzig.de/Data/Akteur.215", "name": "Cammerspiele Leipzig", "email": "awe@cammerspiele.de", "address": "Kochstra\u00dfe 132, 04277 Leipzig", "gps": {"lat": 51.3101, "long": 12.3713}, "url": "http://www.cammerspiele.de"}, {"id": "http://nachhaltiges-leipzig.de/Data/Akteur.216", "name": "\u00d6lm\u00fchle Leipzig", "email": "info@leipspeis.de", "address": "Naumburger Stra\u00dfe 10, 04229 Leipzig", "gps": {"lat": 51.3263, "long": 12.3334}, "url": "http://www.leipspeis.de"}, {"id": "http://nachhaltiges-leipzig.de/Data/Akteur.217", "name": "agra-Park", "email": null, "address": null, "gps": null, "url": null}, {"id": "http://nachhaltiges-leipzig.de/Data/Akteur.218", "name": "mobile- apfelquetsche", "email": "info@mobile-apfelquetsche.de", "address": "Apelsteinweg 12, 04316 Leipzig", "gps": {"lat": 51.3219, "long": 12.4753}, "url": "http://www.mobile-apfelquetsche.de"}, {"id": "http://nachhaltiges-leipzig.de/Data/Akteur.219", "name": "Solidarische Feldwirtschaft", "email": "kontakt@solidarischefeldwirtschaft.de", "address": "Ecksteinstra\u00dfe 29, 04277 Leipzig", "gps": {"lat": 51.3052, "long": 12.3793}, "url": "http://www.solidarischefeldwirtschaft.de"}, {"id": "http://nachhaltiges-leipzig.de/Data/Akteur.22", "name": "Verbundnetz der W\u00e4rme", "email": "info@verbundnetz-der-waerme.de", "address": "Braunstra\u00dfe 9, 04347 Leipzig", "gps": {"lat": 51.3632, "long": 12.4309}, "url": "http://www.verbundnetz-der-waerme.de"}, {"id": "http://nachhaltiges-leipzig.de/Data/Akteur.220", "name": "Magistralenmanagement Georg-Schumann-Stra\u00dfe", "email": "presse@schumann-magistrale.de", "address": "Georg-Schumann-Stra\u00dfe 126, 04155 Leipzig", "gps": {"lat": 51.3645, "long": 12.3575}, "url": "http://www.schumann-magistrale.de"}, {"id": "http://nachhaltiges-leipzig.de/Data/Akteur.221", "name": "heldenk\u00fcche", "email": "kontakt@heldenkueche.net", "address": "Naumburger Stra\u00dfe 10, 04229 Leipzig", "gps": {"lat": 51.3263, "long": 12.3334}, "url": "http://www.heldenkueche.net"}, {"id": "http://nachhaltiges-leipzig.de/Data/Akteur.222", "name": "Delitzscher Land e.V", "email": "julia.hanuschke@delitzscherland.de", "address": "Richard-Wagner-Stra\u00dfe 7A, 04509 Delitzsch", "gps": {"lat": 51.5172, "long": 12.3329}, "url": "http://www.delitzscherland.de"}, {"id": "http://nachhaltiges-leipzig.de/Data/Akteur.223", "name": "ANNALINDE Akademie", "email": "akademie@annalinde-leipzig.de", "address": "L\u00fctzner Stra\u00dfe 108, 04177 Leipzig", "gps": {"lat": 51.3342, "long": 12.3252}, "url": "http://annalinde-leipzig.de/"}, {"id": "http://nachhaltiges-leipzig.de/Data/Akteur.224", "name": "Ackerdemia e.V.", "email": "j.wockenfuss@ackerdemia.de", "address": "Erdmannstra\u00dfe 8, 04229 Leipzig", "gps": {"lat": 51.3315, "long": 12.3463}, "url": "http://www.gemueseackerdemie.de"}, {"id": "http://nachhaltiges-leipzig.de/Data/Akteur.226", "name": "Ramona Strohwald", "email": null, "address": null, "gps": null, "url": null}, {"id": "http://nachhaltiges-leipzig.de/Data/Akteur.227", "name": "Bunte G\u00e4rten Leipzig e. V.", "email": "kontakt@bunte-gaerten.org", "address": "Pommernstra\u00dfe 10, 04318 Leipzig", "gps": {"lat": 51.3293, "long": 12.4285}, "url": "http://bunte-gaerten.org"}, {"id": "http://nachhaltiges-leipzig.de/Data/Akteur.228", "name": "the shop she loves", "email": "hallo@theshopsheloves.de", "address": "Aurelienstra\u00dfe 62, 04177 Leipzig", "gps": {"lat": 51.3316, "long": 12.3269}, "url": "http://www.theshopsheloves.de"}, {"id": "http://nachhaltiges-leipzig.de/Data/Akteur.229", "name": "Ecofacture", "email": "Info@ecofacture.de", "address": "Georg-Schwarz-Stra\u00dfe 118, 04179 Leipzig", "gps": {"lat": 51.3466, "long": 12.3166}, "url": "http://www.ecofacture.de"}, {"id": "http://nachhaltiges-leipzig.de/Data/Akteur.23", "name": "Gemeinsam Wandeln", "email": "lindentaler@gmx.de", "address": "Gustav-Freytag-Stra\u00dfe 18A, 04277 Leipzig", "gps": {"lat": 51.3124, "long": 12.3696}, "url": "http://www.transitiontown-leipzig.de/blog/"}, {"id": "http://nachhaltiges-leipzig.de/Data/Akteur.230", "name": "Annett Antonia Graeske", "email": "info@fitinart.com", "address": "Bahrener Stra\u00dfe 12, 04668 Grimma", "gps": {"lat": 51.2534, "long": 12.7401}, "url": "http://www.offene-gartenpforte-muldental.de"}, {"id": "http://nachhaltiges-leipzig.de/Data/Akteur.231", "name": "Stefan H\u00e4rtel", "email": null, "address": null, "gps": null, "url": null}, {"id": "http://nachhaltiges-leipzig.de/Data/Akteur.232", "name": "KonsumGlobalLeipzig", "email": "info@KonsumGlobal-Leipzig.de", "address": "Stra\u00dfe des 17. Juni 11, 04107 Leipzig", "gps": {"lat": 51.3326, "long": 12.3721}, "url": "http://www.KonsumGlobal-Leipzig.de"}, {"id": "http://nachhaltiges-leipzig.de/Data/Akteur.233", "name": "Code it!", "email": "andreas.koch@code-it-studio.de", "address": "Demmering Str. 49, 04177 Leipzig", "gps": {"lat": 51.3363, "long": 12.3278}, "url": "https://code-it-studio.de/"}, {"id": "http://nachhaltiges-leipzig.de/Data/Akteur.234", "name": "Naturdrogerie Sturm", "email": "info@naturdrogerie-sturm.de", "address": "Gohliser Stra\u00dfe 6, 04155 Leipzig", "gps": {"lat": 51.3583, "long": 12.3677}, "url": "http://www.naturdrogerie-sturm.de"}, {"id": "http://nachhaltiges-leipzig.de/Data/Akteur.235", "name": "Global ESD", "email": "susan@globalesd.org", "address": "Bl\u00fccherstr. 37, 04159 Leipzig", "gps": {"lat": 51.37, "long": 12.3397}, "url": "http://www.globalesd.org"}, {"id": "http://nachhaltiges-leipzig.de/Data/Akteur.24", "name": "rad3.de", "email": "dialog@rad3.de", "address": "Erich-K\u00f6hn-Stra\u00dfe 63B, 04177 Leipzig", "gps": {"lat": 51.3391, "long": 12.3274}, "url": "http://rad3.de"}, {"id": "http://nachhaltiges-leipzig.de/Data/Akteur.25", "name": "Stadt Leipzig, Amt f\u00fcr Stadtgr\u00fcn und Gew\u00e4sser", "email": null, "address": null, "gps": null, "url": null}, {"id": "http://nachhaltiges-leipzig.de/Data/Akteur.26", "name": "ADFC Leipzig", "email": "info@adfc-leipzig.de", "address": "Peterssteinweg 18, 04107 Leipzig", "gps": {"lat": 51.3318, "long": 12.3735}, "url": "http://www.adfc-leipzig.de"}, {"id": "http://nachhaltiges-leipzig.de/Data/Akteur.27", "name": "Konzeptwerk Neue \u00d6konomie", "email": "s.brehm@knoe.org", "address": "Klingenstra\u00dfe 22, 04229 Leipzig", "gps": {"lat": 51.323, "long": 12.3243}, "url": "http://www.konzeptwerk-neue-oekonomie.org"}, {"id": "http://nachhaltiges-leipzig.de/Data/Akteur.28", "name": "WEGE e.V. - f\u00fcr Angeh\u00f6rige und Freunde psychisch Kranker", "email": "oeffentlichkeitsarbeit@wege-ev.de", "address": "Luetzner Street 75, 04177 Leipzig", "gps": {"lat": 51.3346, "long": 12.3267}, "url": "http://www.wege-ev.de"}, {"id": "http://nachhaltiges-leipzig.de/Data/Akteur.29", "name": "Leipziger Kinderb\u00fcro des Deutschen Kinderschutzbundes", "email": "kinderbuero@dksb-leipzig.de", "address": "Johannisallee 20, 04317 Leipzig", "gps": {"lat": 51.3326, "long": 12.3951}, "url": "http://www.leipziger-kinderbuero.de/"}, {"id": "http://nachhaltiges-leipzig.de/Data/Akteur.3", "name": "B\u00fcro der Leipziger Agenda 21", "email": "post@civixx.de", "address": "Eisenbahnstra\u00dfe 66, 04315 Leipzig", "gps": {"lat": 51.3455, "long": 12.4038}, "url": "http://www.leipzigeragenda21.de"}, {"id": "http://nachhaltiges-leipzig.de/Data/Akteur.30", "name": "Leipziger KulturPaten", "email": "gk@ideenquartier.org", "address": "H\u00e4rtelstra\u00dfe 27, 04107 Leipzig", "gps": {"lat": 51.3328, "long": 12.3739}, "url": "http://www.leipzigerkulturpaten.de"}, {"id": "http://nachhaltiges-leipzig.de/Data/Akteur.32", "name": "leben.lernen.leipzig", "email": "info@lebenlernenleipzig.de", "address": "Zschochersche Stra\u00dfe 68, 04229 Leipzig", "gps": {"lat": 51.3264, "long": 12.3348}, "url": "http://www.lebenlernenleipzig.de"}, {"id": "http://nachhaltiges-leipzig.de/Data/Akteur.33", "name": "KonsumGlobal Leipzig", "email": "WeltOffenEvau@gmx.de", "address": "Stra\u00dfe des 17. Juni 11, 04107 Leipzig", "gps": {"lat": 51.3326, "long": 12.3721}, "url": "http://www.KonsumGlobal-Leipzig.de"}, {"id": "http://nachhaltiges-leipzig.de/Data/Akteur.34", "name": "Sabine Bolte", "email": null, "address": null, "gps": null, "url": null}, {"id": "http://nachhaltiges-leipzig.de/Data/Akteur.35", "name": "Initiative Grundeinkommen Leipzig", "email": "volkmarkreiss@gmail.com", "address": "Bernhard-G\u00f6ring-Stra\u00dfe 154, 04277 Leipzig", "gps": {"lat": 51.3101, "long": 12.3763}, "url": "http://bge-initiative-leipzig.blogspot.de"}, {"id": "http://nachhaltiges-leipzig.de/Data/Akteur.36", "name": "Energiegenossenschaft Leipzig EGL eG", "email": "info@eg-leipzig.de", "address": "Delitzscher Stra\u00dfe 3, 04105 Leipzig", "gps": {"lat": 51.3576, "long": 12.3772}, "url": "http://www.energiegenossenschaft-leipzig.de/"}, {"id": "http://nachhaltiges-leipzig.de/Data/Akteur.37", "name": "Caritasverband Leipzig e. V.", "email": "presse@caritas-leipzig.de", "address": "Elsterstra\u00dfe 15, 04109 Leipzig", "gps": {"lat": 51.3392, "long": 12.3662}, "url": "http://www.caritas-leipzig.de"}, {"id": "http://nachhaltiges-leipzig.de/Data/Akteur.38", "name": "Westbesuch e.V.", "email": "info@westbesuch.com", "address": "Karl-Heine-Stra\u00dfe 93, 04229 Leipzig", "gps": {"lat": 51.3305, "long": 12.331}, "url": "http://www.westbesuch.com"}, {"id": "http://nachhaltiges-leipzig.de/Data/Akteur.39", "name": "Piepenbrock Sicherheit GmbH + Co. KG", "email": "u.wermelt@piepenbrock.de", "address": "Gerichtsweg 28, 04103 Leipzig", "gps": {"lat": 51.3344, "long": 12.3924}, "url": "http://www.piepenbrock.de"}, {"id": "http://nachhaltiges-leipzig.de/Data/Akteur.4", "name": "Umweltbibliothek Leipzig", "email": "info@umweltbibliothek-leipzig.de", "address": "Bernhard-G\u00f6ring-Stra\u00dfe 152, 04277 Leipzig", "gps": {"lat": 51.311, "long": 12.3763}, "url": "http://www.umweltbibliothek-leipzig.de"}, {"id": "http://nachhaltiges-leipzig.de/Data/Akteur.40", "name": "Ideenwerkstatt Bildungsagenten", "email": "Helmut@bildungsagenten.com", "address": "Klingenstra\u00dfe 22, 04229 Leipzig", "gps": {"lat": 51.323, "long": 12.3244}, "url": "http://www.konzeptwerk-neue-oekonomie.org"}, {"id": "http://nachhaltiges-leipzig.de/Data/Akteur.41", "name": "AUREL Marketing", "email": null, "address": null, "gps": null, "url": null}, {"id": "http://nachhaltiges-leipzig.de/Data/Akteur.42", "name": "Querbeet", "email": "t.johannes@arcor.de", "address": "Neust\u00e4dter Stra\u00dfe 20, 04315 Leipzig", "gps": {"lat": 51.3462, "long": 12.4004}, "url": "http://www.querbeet-leipzig.de"}, {"id": "http://nachhaltiges-leipzig.de/Data/Akteur.43", "name": "Rockzipfel Eltern-Kind-B\u00fcro", "email": "buero@rockzipfel-leipzig.de", "address": "Georg-Schwarz-Stra\u00dfe 10, 04177 Leipzig", "gps": {"lat": 51.3386, "long": 12.3275}, "url": "http://www.rockzipfel-leipzig.de"}, {"id": "http://nachhaltiges-leipzig.de/Data/Akteur.45", "name": "Vereinigte Leipziger Wohnungsgenossenschaft eG", "email": "smrichter@vlw-eg.de", "address": "Hartzstra\u00dfe 2, 04129 Leipzig", "gps": {"lat": 51.3595, "long": 12.3948}, "url": "http://www.vlw-eg.de/"}, {"id": "http://nachhaltiges-leipzig.de/Data/Akteur.46", "name": "Netzwerk Energie &amp; Umwelt e. V.", "email": "reissmann@energiemetropole-leipzig.de", "address": "Martin-Luther-Ring 4, 04109 Leipzig", "gps": {"lat": 51.335, "long": 12.3713}, "url": "http://www.energiemetropole-leipzig.de"}, {"id": "http://nachhaltiges-leipzig.de/Data/Akteur.47", "name": "Fundamentale - Die junge Akademie", "email": "ja@fundamentale.de", "address": "Reiskestra\u00dfe 2, 04317 Leipzig", "gps": {"lat": 51.3298, "long": 12.406}, "url": "http://www.fundamentale.de"}, {"id": "http://nachhaltiges-leipzig.de/Data/Akteur.48", "name": "Dr.. Matias Langer", "email": "email@seidentraum.eu", "address": "Karl-Friedrich-Stra\u00dfe 1, 04316 Leipzig", "gps": {"lat": 51.3237, "long": 12.4542}, "url": "http://www.seidentraum.eu"}, {"id": "http://nachhaltiges-leipzig.de/Data/Akteur.49", "name": "projektUP!", "email": "fm@projektup.org", "address": "Stefan-Zweig-Stra\u00dfe 21, 04178 Leipzig", "gps": {"lat": 51.3543, "long": 12.2948}, "url": "http://www.projektup.org"}, {"id": "http://nachhaltiges-leipzig.de/Data/Akteur.5", "name": "Zukunftsakademie Leipzig e.V.", "email": "schirmer@civixx.de", "address": "Eisenbahnstra\u00dfe 49, 04315 Leipzig", "gps": {"lat": 51.3459, "long": 12.4024}, "url": "http://www.zukunftsakademie-leipzig.de"}, {"id": "http://nachhaltiges-leipzig.de/Data/Akteur.50", "name": "Eine Welt Laden", "email": "info@einewelt-leipzig.de", "address": "Bornaische Stra\u00dfe 18, 04277 Leipzig", "gps": {"lat": 51.3088, "long": 12.3755}, "url": "http://einewelt-leipzig.de"}, {"id": "http://nachhaltiges-leipzig.de/Data/Akteur.51", "name": "ANNALINDE gGmbH", "email": "info@annalinde-leipzig.de", "address": "L\u00fctzner Stra\u00dfe 108, 04177 Leipzig", "gps": {"lat": 51.3342, "long": 12.3252}, "url": "http://www.annalinde-leipzig.de"}, {"id": "http://nachhaltiges-leipzig.de/Data/Akteur.52", "name": "Sukuma arts e.V.", "email": "award@sukuma.net", "address": "Louisenstra\u00dfe 93, 01099 Dresden", "gps": {"lat": 51.0652, "long": 13.7589}, "url": "http://www.sukuma-award.de"}, {"id": "http://nachhaltiges-leipzig.de/Data/Akteur.53", "name": "Lust auf neues Geld", "email": "info@lust-auf-neues-geld-leipzig.de", "address": "Rosestra\u00dfe 11, 04158 Leipzig", "gps": {"lat": 51.3897, "long": 12.3206}, "url": "http://www.lust-auf-neues-geld.de"}, {"id": "http://nachhaltiges-leipzig.de/Data/Akteur.54", "name": "Gr\u00fcner Ring Leipzig", "email": "geschaeftsstelle@gruenerring-leipzig.de", "address": "Leipziger Stra\u00dfe 6, 04451 Borsdorf", "gps": {"lat": 51.3455, "long": 12.5318}, "url": "http://www.gruenerring-leipzig.de"}, {"id": "http://nachhaltiges-leipzig.de/Data/Akteur.55", "name": "Lipsia-e-motion", "email": "info@lipsia-e-motion.com", "address": "Toskastra\u00dfe 36, 04159 Leipzig", "gps": {"lat": 51.3699, "long": 12.3306}, "url": "http://www.Lipsia-e-motion.com"}, {"id": "http://nachhaltiges-leipzig.de/Data/Akteur.56", "name": "WVG Rabe", "email": null, "address": null, "gps": null, "url": null}, {"id": "http://nachhaltiges-leipzig.de/Data/Akteur.57", "name": "Familienb\u00fcro Leipzig", "email": "info@familienbuero-leipzig.de", "address": "Katharinenstra\u00dfe 21-23, 04109 Leipzig", "gps": {"lat": 51.3428, "long": 12.3749}, "url": "http://www.familienbuero-leipzig.de"}, {"id": "http://nachhaltiges-leipzig.de/Data/Akteur.58", "name": "Transition Town Leipzig", "email": "kirstenelborg@yahoo.de", "address": "Josephstra\u00dfe 12, 04177 Leipzig", "gps": {"lat": 51.3352, "long": 12.3332}, "url": "http://www.transitiontown-leipzig.de/"}, {"id": "http://nachhaltiges-leipzig.de/Data/Akteur.59", "name": "Permakultur Forum", "email": "k.elborg@permakultur-institut.de", "address": "Josephstra\u00dfe 12, 04177 Leipzig", "gps": {"lat": 51.3352, "long": 12.3332}, "url": "http://www.transitiontown-leipzig.de/?page_id=456"}, {"id": "http://nachhaltiges-leipzig.de/Data/Akteur.6", "name": "Johann Simowitsch", "email": null, "address": null, "gps": null, "url": null}, {"id": "http://nachhaltiges-leipzig.de/Data/Akteur.60", "name": "NABU-Regionalverband Leipzig", "email": "info@nabu-leipzig.de", "address": "Corinthstra\u00dfe 14, 04157 Leipzig", "gps": {"lat": 51.3682, "long": 12.3717}, "url": "http://www.NABU-Leipzig.de"}, {"id": "http://nachhaltiges-leipzig.de/Data/Akteur.61", "name": "Radbar &quot;Velocibar&quot;", "email": "zumkarsten@gmx.de", "address": "Alfred-Frank-Stra\u00dfe 15, 04229 Leipzig", "gps": {"lat": 51.3262, "long": 12.3426}, "url": "http://www.velocibar.de"}, {"id": "http://nachhaltiges-leipzig.de/Data/Akteur.62", "name": "Stiftung &quot;Ecken wecken&quot;", "email": "info@stiftung-ecken-wecken.de", "address": "Markranst\u00e4dter Stra\u00dfe 29B, 04229 Leipzig", "gps": {"lat": 51.3251, "long": 12.3261}, "url": "https://stiftung-ecken-wecken.de"}, {"id": "http://nachhaltiges-leipzig.de/Data/Akteur.63", "name": "Kollektiv Lastenrad Leipzig", "email": "analui@posteo.de", "address": "Josephstra\u00dfe 27, 04177 Leipzig", "gps": {"lat": 51.3337, "long": 12.3342}, "url": "https://kolara.wordpress.com/"}, {"id": "http://nachhaltiges-leipzig.de/Data/Akteur.64", "name": "kunZstoffe \u2013 urbane Ideenwerkstatt e.V.", "email": "buero@kunzstoffe.de", "address": "Georg-Schwarz-Stra\u00dfe 7, 04177 Leipzig", "gps": {"lat": 51.3384, "long": 12.3271}, "url": "http://www.kunzstoffe.de"}, {"id": "http://nachhaltiges-leipzig.de/Data/Akteur.66", "name": "Stadtpflanzer e. V.", "email": "sandra@stadtpflanzer.de", "address": "Hildegardstra\u00dfe 49, 04315 Leipzig", "gps": {"lat": 51.3458, "long": 12.4072}, "url": "http://www.stadtpflanzer.de"}, {"id": "http://nachhaltiges-leipzig.de/Data/Akteur.67", "name": "Querbeet", "email": "info@querbeet-leipzig.de", "address": "Bernhardstra\u00dfe 11, 04315 Leipzig", "gps": {"lat": 51.3387, "long": 12.409}, "url": "http://www.querbeet-leipzig.de"}, {"id": "http://nachhaltiges-leipzig.de/Data/Akteur.68", "name": "zackig auf kurs - die offene N\u00e4hwerkstatt f\u00fcr Upcycling", "email": "kontakt@zackig-auf-kurs.de", "address": "Cichoriusstra\u00dfe 2, 04318 Leipzig", "gps": {"lat": 51.3354, "long": 12.4085}, "url": "http://www.zackig-auf-kurs.de"}, {"id": "http://nachhaltiges-leipzig.de/Data/Akteur.69", "name": "\u00d6kol\u00f6we - Umweltbund Leipzig e.V.", "email": "info@oekoloewe.de", "address": "Bernhard-G\u00f6ring-Stra\u00dfe 152, 04277 Leipzig", "gps": {"lat": 51.311, "long": 12.3762}, "url": "https://\u00f6kol\u00f6we.de/"}, {"id": "http://nachhaltiges-leipzig.de/Data/Akteur.70", "name": "Klimagerechtigkeit Leipzig", "email": null, "address": null, "gps": null, "url": null}, {"id": "http://nachhaltiges-leipzig.de/Data/Akteur.71", "name": "Das Schwarze Brett", "email": "info@dsble.de", "address": "Augustusplatz 10, 04109 Leipzig", "gps": {"lat": 51.3384, "long": 12.3791}, "url": "http://www.dsble.de/"}, {"id": "http://nachhaltiges-leipzig.de/Data/Akteur.72", "name": "Nachbarschaftsg\u00e4rten e.V.", "email": null, "address": null, "gps": null, "url": null}, {"id": "http://nachhaltiges-leipzig.de/Data/Akteur.73", "name": "BUND Leipzig", "email": "presse@bund-leipzig.de", "address": "Bernhard-G\u00f6ring-Stra\u00dfe 152, 04277 Leipzig", "gps": {"lat": 51.311, "long": 12.3762}, "url": "http://www.bund-leipzig.de"}, {"id": "http://nachhaltiges-leipzig.de/Data/Akteur.74", "name": "WOLLZIRKEL", "email": "wollzirkel@posteo.de", "address": "Georg-Schwarz-Stra\u00dfe 112, 04179 Leipzig", "gps": {"lat": 51.3462, "long": 12.3173}, "url": "http://wollzirkel.blogspot.de/"}, {"id": "http://nachhaltiges-leipzig.de/Data/Akteur.75", "name": "Tanz zentrale", "email": "mail@tanz-zentrale.de", "address": "Erich-Zeigner-Allee 64, 04229 Leipzig", "gps": {"lat": 51.324, "long": 12.3362}, "url": "http://www.tanz-zentrale.de"}, {"id": "http://nachhaltiges-leipzig.de/Data/Akteur.76", "name": "Ackerwinde Gem\u00fcsegarten", "email": "mail@ackerwinde.net", "address": "Helmholtzstra\u00dfe, 04177 Leipzig", "gps": {"lat": 51.3325, "long": 12.3298}, "url": "http://www.ackerwinde.net"}, {"id": "http://nachhaltiges-leipzig.de/Data/Akteur.77", "name": "ernte-mich", "email": "Richard.Hagedorn@erntemich.de", "address": "Gro\u00dfp\u00f6snaer Stra\u00dfe 71, 04288 Leipzig", "gps": {"lat": 51.2773, "long": 12.4799}, "url": "http://www.erntemich.de"}, {"id": "http://nachhaltiges-leipzig.de/Data/Akteur.78", "name": "Projekt &quot;Lebendige Luppe&quot;", "email": "info@lebendige-luppe.de", "address": "Michael-Kazmierczak-Stra\u00dfe 25, 04157 Leipzig", "gps": {"lat": 51.368, "long": 12.3736}, "url": "http://www.Lebendige-Luppe.de"}, {"id": "http://nachhaltiges-leipzig.de/Data/Akteur.79", "name": "EDUVENTIS-Bildung erleben e.V.", "email": "manja.muehl@eduventis.org", "address": "H\u00e4rtelstra\u00dfe 4, 04107 Leipzig", "gps": {"lat": 51.3329, "long": 12.3767}, "url": "http://www.eduventis.org"}, {"id": "http://nachhaltiges-leipzig.de/Data/Akteur.80", "name": "Projektwohnung &quot;krudebude&quot;", "email": "projektraum.leipzig@gmail.com", "address": "Stannebeinplatz 13, 04347 Leipzig", "gps": {"lat": 51.351, "long": 12.406}, "url": "https://www.facebook.com/pages/Projektwohnung-krudebude/617099368382416?fref=ts"}, {"id": "http://nachhaltiges-leipzig.de/Data/Akteur.81", "name": "Leipziger Messe GmbH", "email": "E.Truemper@leipziger-messe.de", "address": "Messe-Allee 1, 04356 Leipzig", "gps": {"lat": 51.3957, "long": 12.3992}, "url": "http://www.leipziger-messe.de"}, {"id": "http://nachhaltiges-leipzig.de/Data/Akteur.83", "name": "Lehmolandia Lehmatelier", "email": "kontakt@lehmolandia.de", "address": "Merseburger Stra\u00dfe 39, 04177 Leipzig", "gps": {"lat": 51.3323, "long": 12.3325}, "url": "http://www.lehmolandia.de"}, {"id": "http://nachhaltiges-leipzig.de/Data/Akteur.84", "name": "Johannes Timaeus", "email": "johannes.timaeus@posteo.de", "address": "Cichoriusstra\u00dfe 17, 04318 Leipzig", "gps": {"lat": 51.3337, "long": 12.4088}, "url": "http://kochkultur-leipzig.de"}, {"id": "http://nachhaltiges-leipzig.de/Data/Akteur.85", "name": "Batzen-Tauschring Leipzig e.V.", "email": "peggy77@gmx.net", "address": "Zum Kleingartenpark 41, 04318 Leipzig", "gps": {"lat": 51.3433, "long": 12.4254}, "url": "http://www.batzen.de"}, {"id": "http://nachhaltiges-leipzig.de/Data/Akteur.86", "name": "Araki Verlag", "email": "redaktion@araki.de", "address": "Theresienstra\u00dfe 35, 04129 Leipzig", "gps": {"lat": 51.3609, "long": 12.3868}, "url": "https://araki.de/"}, {"id": "http://nachhaltiges-leipzig.de/Data/Akteur.87", "name": "Freiwilligen-Agentur Leipzig e. V.", "email": "info@fwal.de", "address": "Dorotheenplatz 2, 04109 Leipzig", "gps": {"lat": 51.3383, "long": 12.3686}, "url": "http://www.freiwilligen-agentur-leipzig.de"}, {"id": "http://nachhaltiges-leipzig.de/Data/Akteur.88", "name": "Wisamar Bildungsgesellschaft", "email": "gregor.assfalg@wisamar.de", "address": "Heinrichstra\u00dfe 5, 04317 Leipzig", "gps": {"lat": 51.3384, "long": 12.4018}, "url": "http://www.wisamar.de"}, {"id": "http://nachhaltiges-leipzig.de/Data/Akteur.89", "name": "Ratskeller der Stadt Leipzig GmbH", "email": "info@ratskeller-leipzig.de", "address": "Lotterstra\u00dfe 1, 04109 Leipzig", "gps": {"lat": 51.3367, "long": 12.3725}, "url": "http://www.ratskeller-leipzig.de"}, {"id": "http://nachhaltiges-leipzig.de/Data/Akteur.90", "name": "Haedi-Flor Meisterbetrieb", "email": "info@haediflor.de", "address": "Johannes-R.-Becher-Stra\u00dfe 12, 04279 Leipzig", "gps": {"lat": 51.3009, "long": 12.3986}, "url": "http://www.haediflor.de"}, {"id": "http://nachhaltiges-leipzig.de/Data/Akteur.91", "name": "CONTIGO Fairtrade Shop", "email": "leipzig@contigo.de", "address": "Nikolaistra\u00dfe 6, 04109 Leipzig", "gps": {"lat": 51.3411, "long": 12.3783}, "url": "http://leipzig.contigo.de"}, {"id": "http://nachhaltiges-leipzig.de/Data/Akteur.92", "name": "Das Japanische Haus e.V.", "email": "mail@djh-leipzig.de", "address": "Eisenbahnstra\u00dfe 113B, 04315 Leipzig", "gps": {"lat": 51.3453, "long": 12.4123}, "url": "http://www.djh-leipzig.de"}, {"id": "http://nachhaltiges-leipzig.de/Data/Akteur.93", "name": "Makerspace Leipzig", "email": "info@makerspace-leipzig.de", "address": "Bitterfelder Stra\u00dfe 5, 04129 Leipzig", "gps": {"lat": 51.3568, "long": 12.39}, "url": "http://www.Makerspace-Leipzig.de"}, {"id": "http://nachhaltiges-leipzig.de/Data/Akteur.94", "name": "GR\u00dcNSCHNABEL", "email": "c.pfundt@gruenschnabel-shop.de", "address": "Nikolaistra\u00dfe 20, 04109 Leipzig", "gps": {"lat": 51.3418, "long": 12.3783}, "url": "http://www.gruenschnabel-shop.de"}, {"id": "http://nachhaltiges-leipzig.de/Data/Akteur.95", "name": "Alte Schlosserei", "email": "mail@alte-schlosserei.de", "address": "Kurt-Eisner-Stra\u00dfe 66, 04275 Leipzig", "gps": {"lat": 51.3201, "long": 12.3745}, "url": "http://www.alte-schlosserei.de"}, {"id": "http://nachhaltiges-leipzig.de/Data/Akteur.96", "name": "Social Impact Lab", "email": "leipzig@socialimpactlab.eu", "address": "Wei\u00dfenfelser Stra\u00dfe 65H, 04229 Leipzig", "gps": {"lat": 51.3292, "long": 12.3306}, "url": "http://leipzig.socialimpactlab.eu"}, {"id": "http://nachhaltiges-leipzig.de/Data/Akteur.97", "name": "Zoo Leipzig GmbH", "email": "mhaupt@zoo-leipzig.de", "address": "Pfaffendorfer Stra\u00dfe 29, 04105 Leipzig", "gps": {"lat": 51.3517, "long": 12.369}, "url": "http://www.zoo-leipzig.de"}, {"id": "http://nachhaltiges-leipzig.de/Data/Akteur.98", "name": "Netzwerk Gewaltfreie Kommunikation Leipzig e.V.", "email": null, "address": null, "gps": null, "url": null}, {"id": "http://nachhaltiges-leipzig.de/Data/Akteur.99", "name": "Oxfam Deutschland Shops gGmbH", "email": null, "address": null, "gps": null, "url": null}]